STOCK,Accuracy,Symbol
,55.91133004926109,AACG
,54.248366013071895,AADI
,53.19767441860465,AADR
,49.354838709677416,AAL
,67.598017124831,AAME
,49.71537001897533,AAOI
,52.98602287166455,AAON
,51.85185185185185,AAPB
,55.55555555555556,AAPD
,50.52728106373223,AAPL
,55.91133004926109,AACG
,54.248366013071895,AADI
,53.19767441860465,AADR
,49.354838709677416,AAL
,67.598017124831,AAME
,49.71537001897533,AAOI
,52.98602287166455,AAON
,51.85185185185185,AAPB
,55.55555555555556,AAPD
,50.52728106373223,AAPL
,48.14814814814815,AAPU
,52.99363057324841,AAXJ
,56.40394088669951,ABAT
,46.95121951219512,ABCL
,66.66666666666666,ABCS
,63.565891472868216,ABEO
,66.10169491525424,ABL
,56.25,ABLLL
,56.25,ABLLL
,44.44444444444444,ABLV
,59.7560975609756,ABNB
,49.26470588235294,ABOS
,72.54901960784314,ABP
,50.0,ABSI
,64.60000000000001,ABTS
,54.65393794749404,ABUS
,85.1129363449692,ABVC
,75.0,ABVX
,54.06218655967904,ACAD
,55.64681724845995,ACB
,55.080213903743314,ACCD
,53.76344086021505,ACDC
,53.72168284789643,ACET
,49.47735191637631,ACGL
,54.285714285714285,ACGLN
,49.546827794561935,ACGLO
,58.2010582010582,ACHC
,61.07382550335571,ACHL
,58.21104122990916,ACHV
,65.61360874848117,ACIC
,51.86170212765957,ACIU
,50.23923444976076,ACIW
,52.348993288590606,ACLS
,41.50943396226416,ACLX
,52.81249999999999,ACMR
,63.395225464190986,ACNB
,59.8017124831005,ACNT
,75.0,ABVX
,54.06218655967904,ACAD
,55.64681724845995,ACB
,55.080213903743314,ACCD
,53.76344086021505,ACDC
,53.72168284789643,ACET
,49.47735191637631,ACGL
,54.285714285714285,ACGLN
,49.546827794561935,ACGLO
,58.2010582010582,ACHC
,61.07382550335571,ACHL
,58.21104122990916,ACHV
,65.61360874848117,ACIC
,51.86170212765957,ACIU
,50.23923444976076,ACIW
,52.348993288590606,ACLS
,41.50943396226416,ACLX
,52.81249999999999,ACMR
,63.395225464190986,ACNB
,59.8017124831005,ACNT
,59.8017124831005,ACNT
,59.8017124831005,ACNT
,54.16666666666666,ACON
,54.58823529411765,ACRS
,49.25373134328358,ACRV
,48.41269841269841,ACT
,54.29906542056074,ACTG
,46.66666666666666,ACVA
,54.60199004975125,ACWI
,49.87562189054727,ACWX
,56.934306569343065,ACXP
,55.76923076923077,ADAG
,55.38116591928252,ADAP
,49.97361477572559,ADBE
,61.6580310880829,ADD
,52.24609375,ADEA
,53.49256421811626,ADI
,59.50704225352113,ADIL
,54.007633587786266,ADMA
,57.52895752895753,ADN
,50.60838215412348,ADP
,51.68067226890757,ADPT
,55.26315789473685,ADSE
,50.025627883136856,ADSK
,50.10060362173038,ADTN
,61.49732620320856,ADTX
,49.86187845303867,ADUS
,53.301886792452834,ADV
,53.402061855670105,ADVM
,51.45631067961165,ADXN
,59.65770171149144,AEHL
,57.69805680119582,AEHR
,56.62650602409639,AEI
,49.57924263674614,AEIS
,69.84126984126983,AEMD
,66.66666666666666,AENT
,55.58748403575989,AEP
,61.94690265486725,AERT
,59.12408759124088,AEYE
,57.34870317002881,AFBI
,51.65562913907284,AFCG
,87.5,AFJK
,85.71428571428571,AFJKU
,54.90605427974948,AFMD
,50.318471337579616,AFRI
,46.25,AFRM
,48.93617021276596,AFYA
,59.62732919254658,AGAE
,54.49299258037923,AGEN
,64.55696202531645,AGFY
,52.61194029850746,AGIO
,60.40268456375839,AGMH
,54.077791718946045,AGNC
,52.63157894736842,AGNCL
,52.362204724409445,AGNCM
,49.546827794561935,AGNCN
,52.44444444444445,AGNCO
,46.85990338164252,AGNCP
,49.36708860759494,AGNG
,64.70588235294117,AGRI
,56.6020730058585,AGYS
,52.71317829457365,AGZD
,53.76712328767124,AHCO
,58.4375,AHG
,54.13625304136252,AIA
,71.60493827160494,AIEV
,76.3262599469496,AIFF
,51.69902912621359,AIFU
,59.93377483443708,AIHS
,67.12328767123287,AILE
,91.57894736842104,AIMAU
,80.0,AIMBU
,68.125,AIMD
,56.67202572347267,AIOT
,64.16666666666667,AIP
,55.78231292517006,AIQ
,70.0,AIRE
,55.235602094240846,AIRG
,67.28971962616822,AIRJ
,64.28571428571429,AIRL
,50.0990099009901,AIRR
,56.66666666666666,AIRS
,69.7165589259075,AIRT
,67.91666666666667,AIRTP
,66.66666666666666,AISP
,54.54545454545454,AITR
,100.0,AITRU
,55.76923076923077,AIXI
,50.52974735126325,AKAM
,61.38613861386138,AKAN
,55.069582504970185,AKBA
,48.95397489539749,AKRO
,53.72460496613996,AKTS
,57.89473684210527,AKTX
,61.224489795918366,AKYA
,64.76868327402136,ALAR
,61.79401993355482,ALBT
,57.29166666666666,ALCE
,63.48402182385036,ALCO
,60.0,ALCY
,83.33333333333334,ALCYU
,55.93561368209256,ALDX
,51.36186770428015,ALEC
,50.0,ALGM
,46.56357388316151,ALGN
,56.97674418604651,ALGS
,49.02186421173763,ALGT
,50.66666666666667,ALHC
,51.1543134872418,ALKS
,42.17687074829932,ALKT
,56.14035087719298,ALLK
,54.21245421245421,ALLO
,67.85714285714286,ALLR
,54.12844036697248,ALLT
,54.12844036697248,ALLT
,61.352215623572405,ALNT
,49.14744232698094,ALNY
,64.08220457730033,ALOT
,54.21412300683372,ALRM
,57.100591715976336,ALRN
,74.36140018921475,ALRS
,69.44444444444444,ALSA
,91.2280701754386,ALSAU
,53.93586005830904,ALT
,60.273972602739725,ALTI
,58.05439330543933,ALTO
,49.22118380062305,ALTR
,62.88343558282209,ALTS
,57.43707093821511,ALTY
,51.13636363636363,ALVO
,53.00546448087432,ALVR
,53.51351351351351,ALXO
,51.798561151079134,ALZN
,48.226950354609926,AMAL
,52.3208652546192,AMAT
,52.69565217391305,AMBA
,50.0,AMCX
,53.98828301036504,AMD
,37.93103448275862,AMDS
,53.355704697986575,AMED
,51.55793573515093,AMGN
,50.0,AMID
,71.42857142857143,AMIX
,50.92165898617511,AMKR
,58.66336633663366,AMLI
,49.09090909090909,AMLX
,56.875,AMPG
,78.06451612903226,AMPGW
,48.57142857142857,AMPH
,51.61290322580645,AMPL
,49.40476190476191,AMRK
,59.653624118024375,AMRN
,49.83050847457628,AMRX
,56.43076923076923,AMSC
,49.566160520607376,AMSF
,53.142857142857146,AMST
,61.32286995515695,AMTX
,56.32244467860906,AMWD
,49.35064935064935,AMZD
,51.73945225758697,AMZN
,51.94805194805194,AMZU
,52.089136490250695,ANAB
,53.07855626326964,ANDE
,51.388888888888886,ANEB
,59.44444444444444,ANGH
,52.41935483870967,ANGI
,49.08485856905158,ANGL
,52.2567703109328,ANGO
,55.369774919614144,ANIK
,52.78934221482098,ANIP
,60.078469838155954,ANIX
,56.52173913043478,ANL
,51.08695652173913,ANNX
,50.0,ANSC
,94.44444444444444,ANSCU
,51.07449856733525,ANSS
,57.83718104495748,ANTE
,63.63636363636363,ANTX
,58.98876404494382,ANY
,52.93276108726752,AOSL
,60.46511627906976,AOTG
,50.0,AOUT
,54.754533392304296,APA
,76.24309392265194,APCX
,68.39577329490875,APDN
,49.6962332928311,APEI
,47.05882352941176,APGE
,57.21925133689839,API
,43.29896907216495,APLD
,68.96551724137932,APLM
,97.95918367346938,APLMW
,51.72413793103448,APLS
,51.63934426229508,APLT
,54.16666666666666,APM
,58.49571317225253,APOG
,44.89795918367347,APP
,52.391799544419136,APPF
,52.1865889212828,APPN
,63.2996632996633,APPS
,55.35714285714286,APRE
,72.02233250620348,APTO
,53.62694300518135,APVO
,64.74543707973103,APWC
,70.09345794392523,APXI
,59.16030534351145,APYX
,58.17174515235457,AQB
,55.99078341013824,AQMS
,54.929577464788736,AQST
,70.4225352112676,AQU
,94.52054794520548,AQUNU
,49.32432432432432,AQWA
,53.542392566782816,ARAY
,54.16666666666666,ARBB
,57.647058823529406,ARBE
,52.8,ARBK
,59.82905982905983,ARBKL
,50.81047381546134,ARCB
,51.78753830439224,ARCC
,54.31192660550459,ARCT
,52.34215885947047,ARDX
,60.37735849056604,AREB
,55.325443786982255,AREC
,46.22093023255814,ARGX
,48.739495798319325,ARHS
,58.54700854700855,ARKO
,62.55186721991701,ARKR
,51.57639450282942,ARLP
,30.76923076923077,ARM
,60.41951664386684,AROW
,52.761341222879686,ARQ
,59.73154362416108,ARQQ
,54.32692307692307,ARQT
,54.06976744186046,ARRY
,61.50627615062761,ARTL
,55.81395348837209,ARTNA
,70.797656602073,ARTW
,52.0,ARVN
,56.25,ARVR
,66.31648063033487,ARWR
,51.20192307692307,ASET
,51.96850393700787,ASLE
,51.874062968515744,ASMB
,50.92402464065708,ASML
,50.21739130434783,ASND
,56.98924731182796,ASNS
,41.95402298850575,ASO
,50.0,ASPI
,50.0,ASPS
,54.87528344671202,ASRT
,60.04056795131846,ASRV
,69.64285714285714,ASST
,60.731878958479946,ASTC
,54.23016290068313,ASTE
,66.4021164021164,ASTH
,55.69620253164557,ASTI
,44.44444444444444,ASTL
,49.09090909090909,ASTS
,57.86202610316968,ASUR
,64.82657547630679,ASYS
,60.86956521739131,ATAI
,49.25373134328358,ATAT
,57.04225352112676,ATCOL
,55.369127516778526,ATEC
,55.41666666666667,ATER
,50.10893246187364,ATEX
,52.63157894736842,ATGL
,47.72727272727273,ATHA
,57.0873786407767,ATHE
,56.734693877551024,ATIF
,53.8707102952913,ATLC
,54.310344827586206,ATLCL
,53.23741007194245,ATLCP
,71.42857142857143,ATLCZ
,60.47854785478548,ATLO
,59.67741935483871,ATLX
,72.41379310344827,ATMC
,93.44262295081968,ATMCU
,63.793103448275865,ATMV
,91.93548387096774,ATMVU
,66.5680473372781,ATNF
,57.33578882750153,ATNI
,49.34725848563969,ATOM
,60.770577933450085,ATOS
,61.53846153846154,ATPC
,54.219409282700425,ATRA
,48.23906083244397,ATRC
,61.78458765209554,ATRO
,52.01923076923077,ATSG
,87.82894736842105,ATXG
,53.392330383480825,ATXI
,52.5,ATXS
,58.07174887892377,ATYR
,66.55100624566273,AUBN
,52.80448717948718,AUDC
,52.51798561151079,AUID
,69.23076923076923,AUMI
,53.333333333333336,AUPH
,49.30555555555556,AUR
,42.5,AURA
,50.17301038062284,AUTL
,61.29032258064516,AUUD
,52.05479452054794,AVAH
,47.91666666666667,AVAV
,14.285714285714285,AVBP
,54.29184549356223,AVDL
,50.81967213114754,AVDX
,54.34782608695652,AVGO
,63.47826086956522,AVGR
,58.235294117647065,AVIR
,53.66379310344828,AVNW
,51.72413793103448,AVO
,48.18181818181818,AVPT
,53.078721745908034,AVT
,48.9051094890511,AVTE
,48.34905660377358,AVTX
,57.38444193912064,AVXL
,57.96610169491525,AWH
,55.89928057553957,AWRE
,60.809018567639264,AXDX
,65.95631326584976,AXGN
,48.90829694323144,AXON
,50.83532219570406,AXSM
,51.84615384615384,AXTI
,50.0,AY
,57.92031098153547,AYRO
,77.40693196405648,AYTU
,50.931677018633536,AZ
,49.742599742599744,AZN
,50.810810810810814,AZPN
,49.45429740791269,AZTA
,53.96825396825397,BABX
,54.474708171206224,BACK
,58.94039735099338,BAER
,61.875,BAFN
,52.5,BAND
,53.62149532710281,BANF
,73.98212512413109,BANFP
,56.00000000000001,BANL
,52.55423372988104,BANR
,47.79270633397313,BANX
,59.23566878980891,BAOS
,44.776119402985074,BASE
,52.38095238095239,BATRA
,52.63157894736842,BATRK
,63.63636363636363,BAYA
,100.0,BAYAU
,48.94259818731118,BBCP
,53.99835119538334,BBGI
,53.26797385620915,BBH
,44.95798319327732,BBIO
,62.29508196721312,BBLG
,72.95081967213115,BBLGW
,54.83870967741935,BBSI
,57.92682926829268,BCAB
,89.06926406926407,BCAL
,60.0,BCAN
,58.36575875486382,BCBP
,73.90988372093024,BCDA
,62.390670553935855,BCLI
,72.07792207792207,BCML
,53.94736842105263,BCOV
,57.08812260536399,BCOW
,59.31758530183727,BCPC
,51.22273628552545,BCRX
,78.34710743801652,BCTX
,51.85185185185185,BCYC
,58.13953488372093,BDGS
,69.91150442477876,BDMD
,60.91127098321343,BDRX
,54.70588235294118,BDSX
,56.730769230769226,BDTX
,46.3768115942029,BEAM
,55.932203389830505,BEAT
,52.08970438328237,BECN
,59.08440629470672,BEEM
,44.44444444444444,BEEZ
,58.69030034465781,BELFA
,51.430781129157,BELFB
,62.60869565217392,BENF
,59.310344827586206,BETR
,70.71984435797665,BFC
,51.59235668789809,BFIN
,54.54545454545454,BFRG
,62.5,BFRI
,54.20875420875421,BFST
,49.058149058149056,BGC
,50.45703839122486,BGFV
,74.53416149068323,BGLC
,58.75,BGM
,45.47677261613692,BGNE
,44.19475655430712,BGRN
,53.84615384615385,BHAT
,48.51190476190476,BHF
,48.73646209386281,BHFAL
,58.47457627118644,BHFAM
,46.42857142857143,BHFAN
,48.18652849740933,BHFAO
,44.44444444444444,BHFAP
,53.896103896103895,BHIL
,75.31584062196308,BHRB
,52.17391304347826,BHST
,52.56410256410257,BIAF
,54.131054131054135,BIB
,52.08110992529349,BIDU
,56.04395604395605,BIGC
,51.86316432498472,BIIB
,46.84385382059801,BILI
,59.57446808510638,BIOR
,56.29139072847682,BIOX
,42.01680672268908,BIRD
,54.70085470085471,BIS
,56.70995670995672,BITF
,53.84615384615385,BITS
,51.70454545454546,BIVI
,63.559322033898304,BJDX
,50.307503075030745,BJK
,53.80159304851557,BJRI
,50.37037037037037,BKCH
,47.61904761904761,BKIV
,50.994431185361975,BKNG
,54.1890440386681,BKR
,73.33333333333333,BKWO
,70.72633895818048,BKYI
,51.075268817204304,BL
,82.0,BLAC
,96.36363636363636,BLACU
,50.29821073558648,BLBD
,76.5625,BLBX
,52.41157556270096,BLCN
,50.0,BLCR
,52.72727272727272,BLDE
,53.78151260504202,BLDP
,65.41353383458647,BLFS
,44.44444444444444,BLFY
,61.63895486935868,BLIN
,52.27502527805864,BLKB
,54.66666666666666,BLLD
,49.31506849315068,BLMN
,55.36959553695955,BLNK
,59.27672955974843,BLRX
,55.78947368421052,BLTE
,49.72273567467653,BLUE
,50.84745762711864,BLZE
,54.48717948717948,BMBL
,44.89795918367347,BMEA
,67.9245283018868,BMR
,70.78313253012048,BMRA
,56.19360131255127,BMRC
,48.18694601128122,BMRN
,61.64383561643836,BNAI
,54.279015240328256,BND
,47.84172661870504,BNDW
,51.01289134438306,BNDX
,61.56583629893239,BNGO
,72.5,BNIX
,60.17699115044248,BNOX
,54.736842105263165,BNR
,71.42857142857143,BNRG
,56.326530612244895,BNTC
,51.12107623318386,BNTX
,68.58974358974359,BNZI
,67.64705882352942,BOCN
,92.92035398230088,BOCNU
,47.368421052631575,BOF
,53.63026235509457,BOKF
,59.87261146496815,BOLT
,52.17391304347826,BON
,61.61217587373168,BOOM
,62.78409090909091,BOSC
,69.1919191919192,BOTJ
,48.41269841269841,BOTZ
,62.96296296296296,BOWN
,85.71428571428571,BOWNU
,58.67507886435332,BOXL
,51.90156599552572,BPMC
,56.64713835060839,BPOP
,61.86770428015564,BPOPM
,53.80116959064327,BPRN
,64.72772277227723,BPTH
,51.127819548872175,BPYPM
,57.48792270531401,BPYPN
,45.65217391304348,BPYPO
,45.45454545454545,BPYPP
,82.6923076923077,BRAC
,97.24770642201835,BRACU
,57.80730897009967,BRAG
,50.877192982456144,BREA
,63.25503355704698,BRFH
,69.71608832807571,BRID
,67.28971962616822,BRKH
,83.33333333333334,BRKHU
,51.22324159021407,BRKL
,51.010101010101,BRKR
,63.41463414634146,BRLS
,57.6,BRLT
,55.172413793103445,BRNS
,54.929577464788736,BRNY
,64.33566433566433,BROG
,66.66666666666666,BRRR
,61.53846153846154,BRTR
,67.78169014084507,BRTX
,50.526315789473685,BRY
,52.13675213675214,BRZE
,59.04761904761905,BSBK
,54.50733752620545,BSCO
,51.294117647058826,BSCP
,51.19363395225464,BSCQ
,50.30674846625767,BSCR
,48.226950354609926,BSCS
,48.01762114537445,BSCT
,47.72727272727273,BSCU
,48.41269841269841,BSCV
,51.94805194805194,BSCW
,64.0,BSCX
,57.09779179810725,BSET
,61.73469387755102,BSFC
,50.0,BSGM
,50.397877984084886,BSJO
,47.23926380368098,BSJP
,47.5177304964539,BSJQ
,47.57709251101321,BSJR
,54.54545454545454,BSJS
,52.38095238095239,BSJT
,62.66666666666667,BSJU
,52.0,BSJV
,73.61111111111111,BSLK
,54.46428571428571,BSMO
,53.77777777777778,BSMP
,51.11111111111111,BSMQ
,54.66666666666666,BSMR
,56.44444444444444,BSMS
,54.42477876106194,BSMT
,56.64739884393064,BSMU
,50.413223140495866,BSMV
,56.60377358490566,BSMW
,57.33244857332449,BSRR
,47.82608695652174,BSSX
,52.53623188405797,BSVN
,47.05882352941176,BSVO
,45.14285714285714,BSY
,52.63157894736842,BTAI
,63.559322033898304,BTBD
,52.980132450331126,BTBT
,68.25633383010432,BTCS
,64.83516483516483,BTCT
,55.639097744360896,BTDR
,56.19834710743802,BTF
,50.0,BTFX
,50.0,BTM
,55.47945205479452,BTMD
,54.54545454545454,BTOG
,57.14285714285714,BTSG
,71.42857142857143,BTSGU
,75.0,BUFC
,50.90909090909091,BUG
,74.07407407407408,BUJA
,94.44444444444444,BUJAU
,55.319148936170215,BULD
,52.38095238095239,BUSE
,83.66285119667015,BVFL
,46.7948717948718,BVS
,56.451612903225815,BWAY
,47.1947194719472,BWB
,63.84615384615384,BWBBP
,56.493506493506494,BWEN
,65.43385490753911,BWFG
,54.29864253393665,BWIN
,51.388888888888886,BWMN
,72.58632840028189,BYFC
,56.50406504065041,BYND
,73.46938775510205,BYNO
,90.56603773584906,BYNOU
,75.73696145124717,BYRN
,55.36723163841808,BYSI
,50.35971223021583,BZ
,60.130718954248366,BZFD
,48.53932584269663,BZUN
,41.66666666666667,CA
,54.58845789971618,CAAS
,51.58371040723983,CABA
,51.7655897821187,CAC
,51.905059337913805,CACC
,57.14285714285714,CADL
,43.18181818181818,CAFG
,50.88272383354351,CAKE
,42.10526315789473,CALC
,63.63636363636363,CALI
,52.1865889212828,CALM
,55.25651808242221,CAMT
,58.71559633027523,CAN
,50.0,CANC
,20.0,CANQ
,75.7751937984496,CAPNR
,62.60162601626016,CAPR
,60.204081632653065,CAPT
,53.77081292850146,CAR
,55.490196078431374,CARA
,60.3267211201867,CARE
,50.0,CARG
,59.13555992141454,CARM
,52.0,CART
,66.21621621621621,CARV
,50.8500772797527,CARZ
,59.5703125,CASH
,58.01144492131617,CASI
,57.92114695340502,CASS
,53.55915562101129,CASY
,54.52261306532663,CATH
,54.149253731343286,CATY
,59.41727367325702,CBAT
,69.97084548104957,CBFV
,46.3768115942029,CBNK
,53.79213483146067,CBRL
,54.21360973411446,CBSH
,53.13432835820896,CBUS
,50.96153846153846,CCAP
,51.92982456140351,CCB
,55.400000000000006,CCBG
,50.0,CCCC
,48.85057471264368,CCCS
,55.97345132743363,CCD
,54.09836065573771,CCEC
,54.33280170122276,CCEP
,68.0,CCG
,72.0,CCGWW
,54.73251028806584,CCLD
,53.271028037383175,CCLDO
,52.73159144893111,CCLDP
,59.84095427435388,CCNE
,70.55555555555556,CCNEP
,46.85816876122082,CCOI
,52.52883762200532,CCRN
,55.64516129032258,CCSI
,36.0,CCSO
,77.77777777777779,CCTG
,57.873210633946826,CDC
,61.46788990825688,CDIO
,47.26027397260274,CDL
,48.85993485342019,CDLX
,57.65407554671968,CDMO
,47.02258726899384,CDNA
,49.86508364813815,CDNS
,51.89873417721519,CDRO
,56.56565656565656,CDT
,54.44444444444444,CDTX
,54.629629629629626,CDW
,58.58585858585859,CDXC
,55.00000000000001,CDXS
,59.13190529875987,CDZI
,51.82481751824818,CDZIP
,60.11904761904761,CEAD
,67.10948236371965,CECO
,56.38297872340425,CEFA
,50.45871559633027,CEG
,51.98776758409785,CELC
,58.333333333333336,CELH
,53.8793103448276,CELU
,66.9833729216152,CELZ
,64.70588235294117,CENN
,52.4436090225564,CENT
,49.76798143851508,CENTA
,50.56818181818182,CENX
,74.13793103448276,CERO
,55.604395604395606,CERS
,51.829268292682926,CERT
,54.090909090909086,CETX
,57.6271186440678,CETY
,51.951672862453535,CEVA
,58.282208588957054,CFA
,50.64935064935064,CFB
,63.672182821118994,CFBK
,57.06605222734255,CFFI
,52.78662420382165,CFFN
,76.19047619047619,CFFS
,92.03539823008848,CFFSU
,50.0,CFLT
,57.46421267893661,CFO
,68.80733944954129,CFSB
,50.50167224080268,CG
,44.05594405594406,CGABL
,49.41176470588236,CGBD
,31.25,CGBDL
,53.49301397205589,CGC
,46.58385093167702,CGEM
,54.00168491996629,CGEN
,48.40764331210191,CGNT
,49.9141385231826,CGNX
,51.18790496760259,CGO
,50.0,CGON
,52.03252032520326,CGTX
,58.35051546391753,CHCI
,56.83414370610481,CHCO
,52.11538461538462,CHDN
,49.37106918238994,CHEF
,57.58241758241758,CHEK
,52.37659963436929,CHI
,50.39426523297491,CHKP
,64.77541371158392,CHMG
,63.358778625954194,CHNR
,63.358778625954194,CHNR
,61.87050359712231,CHR
,48.69942196531792,CHRD
,56.05095541401274,CHRS
,53.68421052631579,CHRW
,53.67965367965368,CHSCL
,53.86221294363257,CHSCM
,50.2970297029703,CHSCN
,52.27272727272727,CHSCO
,51.27719962157048,CHSCP
,42.85714285714285,CHSN
,52.02797202797203,CHTR
,52.50596658711218,CHW
,53.535353535353536,CHX
,55.534351145038165,CHY
,53.88127853881278,CIBR
,55.81395348837209,CIFR
,52.86103542234333,CIGI
,51.157407407407405,CIL
,52.90671473636773,CINF
,61.40350877192983,CING
,59.63302752293578,CISO
,47.368421052631575,CISS
,77.88461538461539,CITE
,94.54545454545456,CITEU
,63.12997347480106,CIVB
,59.09090909090909,CJET
,57.280219780219774,CJJD
,55.342465753424655,CKPT
,52.732871439568896,CLAR
,44.1077441077441,CLBK
,49.70414201183432,CLBT
,59.83219716832722,CLDX
,59.79381443298969,CLEU
,65.50632911392405,CLFD
,56.63430420711975,CLGN
,59.432387312186975,CLIR
,49.448123620309055,CLLS
,53.601108033241,CLMB
,50.05476451259584,CLMT
,55.1357733175915,CLNE
,66.91176470588235,CLNN
,79.66101694915254,CLOA
,53.62903225806451,CLOU
,53.1578947368421,CLOV
,54.94880546075085,CLPS
,60.33613445378151,CLPT
,61.03896103896104,CLRB
,86.66666666666667,CLRC
,96.84210526315788,CLRCU
,62.34428086070215,CLRO
,53.826530612244895,CLSD
,60.16260162601627,CLSK
,56.2962962962963,CLSM
,70.49180327868852,CLST
,62.5,CLWT
,60.30534351145038,CLYM
,49.15966386554621,CMBM
,51.45081387119603,CMCO
,53.08697611536728,CMCSA
,53.64412344057781,CMCT
,54.80859010270776,CME
,54.77031802120141,CMLS
,53.69649805447471,CMMB
,64.17910447761194,CMND
,52.69461077844312,CMPO
,49.51560818083961,CMPR
,55.11363636363637,CMPS
,52.348993288590606,CMPX
,52.08711433756806,CMRX
,61.559260928346106,CMTL
,47.16981132075472,CNCR
,52.87671232876713,CNDT
,58.911564625850346,CNET
,55.4140127388535,CNEY
,64.8960739030023,CNFR
,57.38899933730948,CNOB
,60.30534351145038,CNOBP
,49.41427050053248,CNSL
,63.92694063926941,CNSP
,50.35460992907801,CNTA
,62.91390728476821,CNTB
,69.76744186046511,CNTM
,59.50413223140496,CNTX
,56.675392670157066,CNTY
,56.68292682926829,CNVS
,50.29940119760479,CNXC
,49.122807017543856,CNXN
,57.24137931034483,COCH
,45.45454545454545,COCO
,63.48684210526315,COCP
,72.30499561787906,CODA
,54.89614243323442,CODX
,43.47826086956522,COEP
,77.0104895104895,COFS
,51.82724252491694,COGT
,54.70932852636322,COHU
,49.32432432432432,COIN
,60.05434782608695,COKE
,52.81249999999999,COLB
,49.55156950672646,COLL
,49.42616679418516,COLM
,52.58126195028681,COMM
,56.75105485232067,COMT
,53.086419753086425,CONL
,53.5421686746988,COO
,56.55058043117744,COOP
,71.95121951219512,COOT
,56.14035087719298,COPJ
,50.0,COPP
,51.0468594217348,CORT
,50.0,CORZ
,69.43231441048034,COSM
,49.73684210526316,COST
,62.29508196721312,COWG
,38.46153846153847,COWS
,54.09836065573771,COYA
,52.9891304347826,CPB
,57.14285714285714,CPBI
,57.416879795396426,CPHC
,55.374149659863946,CPIX
,62.04379562043796,CPOP
,49.76836532097949,CPRT
,56.8649885583524,CPRX
,73.0106100795756,CPSH
,55.56257901390644,CPSS
,51.33333333333333,CPTN
,41.935483870967744,CPZ
,57.082452431289646,CRBP
,55.970149253731336,CRBU
,50.66666666666667,CRCT
,66.53185035389282,CRDF
,54.78927203065134,CRDL
,52.77777777777778,CRDO
,63.32644628099173,CREG
,56.80647534952171,CRESY
,57.89473684210527,CREV
,59.931113662456944,CREX
,52.13675213675214,CRGO
,47.05882352941176,CRGX
,56.26576955424727,CRIS
,59.62732919254658,CRKN
,55.81061692969871,CRMD
,57.54716981132076,CRML
,58.038585209003216,CRMT
,53.74449339207048,CRNC
,57.49158249158249,CRNT
,55.43859649122807,CRNX
,57.377049180327866,CRON
,54.05701754385965,CROX
,53.61930294906166,CRSP
,56.57142857142857,CRSR
,50.09560229445506,CRTO
,49.60045662100457,CRUS
,52.002427184466015,CRVL
,66.66666666666666,CRVO
,58.70646766169154,CRVS
,60.0,CRWD
,61.03012633624878,CRWS
,55.93607305936074,CSA
,53.103448275862064,CSB
,66.12529002320186,CSBR
,60.41666666666666,CSCI
,51.71811298776936,CSCO
,52.98969072164949,CSF
,49.38176197836167,CSGP
,51.62889518413599,CSGS
,49.14089347079037,CSIQ
,73.52941176470588,CSLM
,90.82568807339447,CSLMU
,50.0,CSLR
,59.83992467043314,CSPI
,53.73134328358209,CSQ
,53.8971807628524,CSTE
,52.991452991453,CSTL
,60.65795403334836,CSWC
,57.89473684210527,CSWCZ
,53.990610328638496,CSWI
,50.70873342478281,CSX
,49.31573802541544,CTAS
,60.43835616438356,CTBI
,65.60000000000001,CTCX
,61.76470588235294,CTEC
,55.471698113207545,CTHR
,40.298507462686565,CTKB
,56.93664795509223,CTLP
,51.05882352941177,CTMX
,68.75,CTNT
,78.125,CTOR
,60.311284046692606,CTRM
,49.68354430379747,CTRN
,48.61111111111111,CTSH
,57.271702367531006,CTSO
,60.50420168067227,CTXR
,57.32356857523302,CUBA
,56.23003194888179,CUE
,56.87203791469194,CURI
,50.64676616915423,CUTR
,58.5635359116022,CVAC
,61.694915254237294,CVBF
,50.52732502396932,CVCO
,54.1033434650456,CVGI
,50.59578368469294,CVGW
,37.93103448275862,CVKD
,51.02272727272727,CVLT
,53.28467153284672,CVRX
,59.8731165741475,CVV
,60.15873015873016,CWBC
,54.49591280653952,CWCO
,57.14285714285714,CWD
,49.02108433734939,CWST
,58.59872611464968,CXAI
,60.13289036544851,CXDO
,51.73010380622838,CXSE
,54.29769392033543,CYBR
,59.48361469712016,CYCC
,80.78175895765473,CYCCP
,59.12698412698413,CYCN
,49.58677685950413,CYN
,57.43315508021391,CYRX
,78.85095753538718,CYTH
,81.59509202453987,CYTHW
,54.24575424575424,CYTK
,58.67768595041323,CYTO
,72.41922773837668,CZFS
,63.19628647214854,CZNC
,52.51046025104602,CZR
,61.49253731343284,CZWI
,54.45026178010471,DADA
,58.004509582863584,DAIO
,51.58311345646438,DAKT
,51.02040816326531,DALI
,57.14285714285714,DALN
,48.97959183673469,DAPP
,55.400000000000006,DARE
,46.66666666666666,DASH
,59.54198473282442,DATS
,70.22900763358778,DATSW
,44.52054794520548,DAVE
,50.35460992907801,DAWN
,48.20295983086681,DAX
,66.43356643356644,DBGI
,57.71670190274841,DBVT
,55.14950166112956,DBX
,49.696969696969695,DCBO
,52.760736196319016,DCGO
,57.537490134175215,DCOM
,58.17307692307693,DCOMP
,51.68918918918919,DCTH
,46.09375,DDI
,50.2970297029703,DDIV
,53.53982300884957,DDOG
,66.66666666666666,DECA
,92.85714285714286,DECAU
,46.74556213017752,DEMZ
,54.55235204855842,DENN
,42.3728813559322,DERM
,44.44444444444444,DFGP
,55.55555555555556,DFGX
,58.91472868217055,DFLI
,64.70588235294117,DGCB
,54.03726708074535,DGHI
,51.29434324065196,DGICA
,75.05307855626327,DGICB
,53.80184331797236,DGII
,58.72641509433962,DGLY
,52.33644859813084,DGRE
,49.440298507462686,DGRS
,56.14678899082569,DGRW
,54.761904761904766,DH
,60.0,DHAI
,49.95871180842279,DHC
,50.936967632027255,DHCNI
,57.32666190135811,DHIL
,53.57142857142857,DIBS
,63.703416149068325,DIOD
,77.55102040816327,DIST
,39.18918918918919,DIVD
,74.7373949579832,DJCO
,49.193548387096776,DJT
,47.86324786324786,DKNG
,62.381951731374606,DLHC
,46.80851063829788,DLO
,74.02745995423341,DLPN
,52.02863961813843,DLTH
,48.01641586867305,DLTR
,65.64102564102564,DMAC
,49.07407407407408,DMAT
,49.81203007518797,DMLP
,51.882160392798696,DMRC
,54.4973544973545,DMXF
,49.36708860759494,DNLI
,52.94117647058824,DNTH
,51.09489051094891,DNUT
,49.83164983164984,DOCU
,50.63694267515923,DOGZ
,64.93916178458765,DOMH
,49.65277777777778,DOMO
,64.04494382022472,DOOO
,53.72596153846154,DORM
,50.07716049382716,DOX
,57.44680851063831,DOYU
,64.59627329192547,DPRO
,52.38095238095239,DRCT
,58.415841584158414,DRIO
,55.70469798657718,DRIV
,56.48854961832062,DRMA
,54.78408128704487,DRRX
,63.57581967213115,DRS
,56.86274509803921,DRTS
,54.3046357615894,DRUG
,47.16981132075472,DRVN
,44.0,DSGN
,57.23298783235692,DSGR
,51.85770750988142,DSGX
,53.84615384615385,DSP
,56.61815661815663,DSWL
,50.0,DSY
,52.0,DTCK
,45.294117647058826,DTCR
,56.25,DTI
,54.18326693227091,DTIL
,55.26315789473685,DTSS
,75.37190082644628,DTST
,61.81818181818181,DUO
,50.37593984962406,DUOL
,56.268221574344025,DUOT
,59.42028985507246,DVAL
,54.20375865479723,DVAX
,51.47058823529412,DVLU
,54.04411764705882,DVOL
,51.31707317073171,DVY
,52.81090289608177,DWAS
,52.58215962441315,DWAW
,50.0,DWSH
,64.45623342175067,DWSN
,54.60122699386503,DWTX
,50.23474178403756,DWUS
,48.89821615949633,DXCM
,51.2962962962963,DXJS
,57.41239892183289,DXLG
,54.99231950844854,DXPE
,64.27525622254758,DXR
,60.07371007371008,DYAI
,20.0,DYFI
,56.81818181818182,DYN
,29.411764705882355,DYNI
,44.89795918367347,DYTA
,50.690448791714616,EA
,56.19834710743802,EAST
,52.106084243369736,EBAY
,52.32558139534884,EBC
,56.39097744360903,EBIZ
,69.6265560165975,EBMT
,61.70212765957447,EBON
,55.15088449531738,EBTC
,50.60240963855421,ECBK
,65.625,ECDA
,53.97923875432527,ECOR
,53.46938775510204,ECOW
,55.34995977473854,ECPG
,53.69127516778524,ECX
,57.01492537313433,EDAP
,63.82978723404256,EDBL
,52.32273838630807,EDIT
,52.459016393442624,EDOC
,56.16438356164384,EDRY
,62.42774566473989,EDSA
,54.34782608695652,EDTK
,55.434782608695656,EDTK
,68.22893195132943,EDUC
,50.25716385011021,EEFT
,50.331125827814574,EEIQ
,55.33661740558292,EEMA
,48.49315068493151,EFAS
,59.93288590604027,EFOI
,49.275362318840585,EFRA
,51.5850144092219,EFSC
,62.71186440677966,EFSCP
,61.12012987012987,EGAN
,53.8647342995169,EGBN
,54.12639405204461,EGHT
,53.02325581395348,EH
,51.36986301369864,EHTH
,54.54545454545454,EJH
,51.0,EKG
,57.03125,EKSO
,43.75,ELAB
,58.07365439093485,ELBM
,56.36743215031316,ELDN
,58.69565217391305,ELEV
,71.11111111111111,ELPW
,71.99814557255448,ELSE
,60.20482809070958,ELTK
,59.87261146496815,ELTX
,56.64739884393064,ELUT
,72.16783216783217,ELVA
,58.415841584158414,ELVN
,51.51515151515152,ELWS
,48.99328859060403,EM
,55.012224938875306,EMB
,48.0,EMBC
,53.135313531353134,EMCB
,72.97297297297297,EMCG
,96.29629629629628,EMCGU
,51.68236877523553,EMIF
,55.18001469507715,EMKR
,61.24380351509689,EML
,52.83582089552239,EMXC
,55.49132947976878,EMXF
,58.92370572207084,ENG
,62.61682242990653,ENGN
,55.73770491803278,ENLT
,52.78350515463918,ENLV
,49.667774086378735,ENPH
,64.02640264026402,ENSC
,51.39732685297691,ENSG
,47.65342960288809,ENTA
,49.58053691275168,ENTG
,60.16042780748663,ENTO
,53.125,ENTX
,69.79865771812081,ENVB
,60.24844720496895,ENVX
,50.29325513196481,ENZL
,53.57142857142857,EOLS
,51.76470588235295,EOSE
,55.08982035928144,EOSEW
,55.50660792951542,EPIX
,54.77707006369427,EPOW
,63.18347509113001,EPSN
,52.01465201465202,EQ
,50.42087542087542,EQIX
,58.2089552238806,EQRR
,54.07407407407408,ERAS
,40.298507462686565,ERET
,52.072659524918485,ERIC
,49.616189811584086,ERIE
,53.35018963337548,ERII
,63.78048780487805,ERNA
,64.57863902658856,ESCA
,54.11111111111111,ESEA
,52.23097112860893,ESGD
,56.47668393782384,ESGE
,58.16326530612245,ESGL
,52.72459499263624,ESGR
,49.44237918215613,ESGRO
,50.17301038062284,ESGRP
,52.58855585831063,ESGU
,69.23076923076923,ESHA
,62.99212598425197,ESLA
,49.92721979621543,ESLT
,58.47457627118644,ESMV
,61.77474402730376,ESOA
,55.311355311355314,ESPO
,48.888888888888886,ESPR
,51.62241887905604,ESQ
,51.75644028103045,ESSA
,46.66666666666666,ESTA
,53.06122448979592,ETEC
,51.598173515981735,ETNB
,49.814126394052046,ETON
,47.77777777777778,ETSY
,81.02409638554217,EU
,42.98245614035088,EUDA
,48.66385372714487,EUFN
,52.86624203821656,EVAX
,51.82481751824818,EVCM
,47.22222222222222,EVER
,66.71597633136095,EVGN
,56.2874251497006,EVGO
,54.93827160493827,EVGOW
,55.10204081632652,EVGR
,93.39622641509436,EVGRU
,52.27272727272727,EVLV
,43.75,EVMT
,60.710760118460016,EVO
,53.40909090909091,EVOK
,53.99844720496895,EVRG
,58.235294117647065,EVTV
,49.9604743083004,EWBC
,47.72727272727273,EWCZ
,49.60629921259843,EWJV
,46.66666666666666,EWTX
,52.359882005899706,EWZS
,49.91408934707904,EXAS
,55.39540319439033,EXC
,44.230769230769226,EXE
,62.82051282051282,EXEEL
,80.76923076923077,EXEEW
,75.64102564102564,EXEEZ
,48.50498338870432,EXEL
,61.01694915254237,EXFY
,50.91324200913242,EXLS
,48.723404255319146,EXPE
,45.12987012987013,EXPI
,54.66903073286053,EXPO
,51.51273885350318,EXTR
,50.931677018633536,EYE
,56.451612903225815,EYEN
,57.67634854771784,EYPT
,57.93650793650794,EZFL
,54.71698113207547,EZGO
,53.963414634146346,EZPW
,47.10144927536232,FA
,49.746192893401016,FAAR
,66.14173228346458,FAAS
,47.82096584216725,FAB
,49.11660777385159,FAD
,49.23076923076923,FALN
,61.11111111111112,FAMI
,50.95652173913044,FANG
,65.4799459215863,FARM
,51.19940029985008,FARO
,51.62689804772235,FAST
,54.03726708074535,FAT
,63.565891472868216,FATBB
,55.91397849462365,FATBP
,51.61290322580645,FATE
,52.65700483091788,FBIO
,47.64890282131661,FBIOP
,57.7922077922078,FBIZ
,57.8125,FBL
,57.14285714285714,FBLG
,60.13986013986013,FBNC
,43.58974358974359,FBOT
,53.86819484240688,FBRX
,60.86956521739131,FBYD
,53.230769230769226,FBZ
,59.38461538461538,FCA
,50.737463126843664,FCAL
,72.7344365642238,FCAP
,56.29973474801061,FCBC
,64.76190476190476,FCCO
,55.319148936170215,FCEF
,57.69712140175219,FCEL
,52.99818291944276,FCFS
,55.437665782493376,FCNCA
,49.09090909090909,FCNCO
,51.231527093596064,FCNCP
,76.59574468085107,FCUV
,53.44418052256532,FCVT
,74.18326693227093,FDBC
,65.78947368421053,FDCF
,60.526315789473685,FDFF
,57.89473684210527,FDIF
,55.208333333333336,FDIG
,44.0,FDIV
,54.87804878048781,FDMT
,49.814126394052046,FDNI
,55.07692307692308,FDT
,58.7171052631579,FDTS
,43.58974358974359,FDTX
,51.09034267912772,FDUS
,66.33663366336634,FEAM
,60.0,FEBO
,59.927470534904806,FEIM
,58.58494817485354,FELE
,44.0,FEM
,52.118644067796616,FEMB
,53.94736842105263,FEMS
,61.15107913669065,FEMY
,53.963414634146346,FENC
,53.15870570107858,FEP
,68.18181818181817,FEPI
,89.8972602739726,FER
,49.04862579281184,FEUZ
,53.23910482921084,FEX
,56.82602267126663,FFBC
,53.36605890603086,FFIC
,61.79775280898876,FFIE
,53.92156862745098,FFIN
,52.00320512820513,FFIV
,54.71014492753624,FFNW
,61.3013698630137,FGBI
,64.38356164383562,FGBIP
,51.48936170212765,FGEN
,62.54980079681275,FGF
,56.622516556291394,FGFPP
,60.18518518518518,FGI
,54.60526315789473,FGM
,50.520833333333336,FHB
,49.122807017543856,FHTX
,51.98863636363637,FIBK
,48.78048780487805,FICS
,51.31578947368421,FID
,58.97435897435898,FINW
,51.05820105820106,FINX
,46.42857142857143,FIP
,52.69076305220884,FISI
,52.18566922036953,FITB
,49.42084942084942,FITBI
,48.01762114537445,FITBO
,50.0,FITBP
,50.4258943781942,FIVE
,49.10179640718562,FIVN
,52.10084033613446,FIXD
,54.57875457875458,FIZZ
,51.61787365177196,FJP
,51.23558484349259,FKU
,66.42771804062126,FKWL
,66.0377358490566,FLD
,100.0,FLDB
,76.10619469026548,FLDDU
,51.29053606882859,FLEX
,55.55555555555556,FLGC
,50.0,FLGT
,64.3009605122732,FLIC
,62.037637897469175,FLL
,55.230769230769226,FLN
,55.00000000000001,FLNC
,58.26193390452876,FLNT
,49.72375690607735,FLUX
,50.483870967741936,FLWS
,59.35105903560163,FLXS
,50.70422535211267,FLYW
,67.25082146768894,FMAO
,54.233870967741936,FMB
,73.15329626687847,FMBH
,64.1025641025641,FMED
,48.95833333333333,FMET
,58.25545171339564,FMHI
,61.5445232466509,FMNB
,56.00000000000001,FMST
,60.77844311377245,FNGR
,46.61538461538461,FNK
,47.35202492211838,FNKO
,54.911433172302736,FNLC
,48.69565217391305,FNWB
,80.46153846153847,FNWD
,52.88574793875147,FNX
,50.0,FNY
,47.87234042553192,FOLD
,61.02012166588676,FONR
,60.3896103896104,FORA
,56.939742721733246,FORD
,74.4186046511628,FORL
,92.15686274509804,FORLU
,50.47801147227533,FORM
,50.94614264919942,FORR
,62.67870579382995,FORTY
,53.17511225144324,FOSL
,56.30252100840336,FOSLL
,45.8498023715415,FOX
,45.45454545454545,FOXA
,46.81647940074906,FOXF
,74.07407407407408,FOXX
,55.84615384615385,FPA
,71.83499288762447,FPAY
,53.84615384615385,FPXE
,56.68789808917197,FPXI
,67.90450928381962,FRAF
,55.17751479289941,FRBA
,54.32692307692307,FRES
,59.15915915915916,FRGT
,46.75324675324675,FRHC
,55.454026270702464,FRME
,63.53591160220995,FRMEP
,53.6723163841808,FROG
,65.49184639663335,FRPH
,55.4140127388535,FRPT
,48.8,FRSH
,55.65714285714286,FRST
,60.29411764705882,FRSX
,48.96551724137931,FSBC
,53.65025466893039,FSBW
,48.96755162241888,FSCS
,65.2542372881356,FSEA
,60.66838046272493,FSFG
,46.10091743119266,FSLR
,59.89800649049606,FSTR
,65.85365853658537,FSUN
,55.30474040632054,FSV
,48.51973684210527,FSZ
,53.24675324675325,FTA
,55.618776671408256,FTAG
,52.46636771300448,FTAI
,51.92307692307693,FTAIM
,50.99337748344372,FTAIN
,50.69124423963134,FTAIO
,49.7055359246172,FTC
,54.7945205479452,FTCI
,54.09652076318743,FTCS
,50.35971223021583,FTDR
,53.77969762419006,FTDS
,54.81144343302991,FTEK
,46.66666666666666,FTEL
,60.075566750629726,FTFT
,50.0,FTGC
,65.71428571428571,FTGS
,49.61089494163424,FTHI
,45.90163934426229,FTHM
,73.46938775510205,FTII
,86.66666666666667,FTIIU
,67.83980582524272,FTLF
,54.64632454923717,FTNT
,56.42023346303502,FTQI
,39.47368421052632,FTRE
,52.204836415362735,FTRI
,50.36496350364964,FTSL
,51.85950413223141,FTSM
,53.333333333333336,FTXG
,53.84615384615385,FTXH
,54.907161803713535,FTXL
,51.45888594164456,FTXN
,53.333333333333336,FTXO
,54.11140583554377,FTXR
,62.28070175438597,FUFU
,52.34042553191489,FULC
,56.20174987133299,FULT
,53.216374269005854,FULTP
,60.85588420390182,FUNC
,55.40765391014975,FUND
,59.62145110410094,FUSB
,47.24409448818898,FUTU
,52.96442687747036,FV
,50.62034739454094,FVC
,56.59955257270693,FVCB
,49.37833037300178,FWONA
,51.53374233128834,FWONK
,52.02879581151832,FWRD
,52.41935483870967,FWRG
,73.71744277821625,FXNC
,56.55172413793104,FYBR
,49.53846153846154,FYC
,47.69230769230769,FYT
,53.003533568904594,FYX
,56.53573728267869,GABC
,51.75224123879381,GAIA
,51.85577942735949,GAIN
,52.5,GAINL
,58.16993464052288,GAINN
,61.53846153846154,GAINZ
,56.95852534562212,GALT
,53.73134328358209,GAMB
,61.16504854368932,GAME
,59.48717948717949,GAN
,52.31788079470199,GANX
,52.96017222820237,GASS
,75.21367521367522,GATE
,88.70967741935483,GATEU
,82.05128205128204,GATEW
,73.86363636363636,GBBK
,51.49786019971469,GBDC
,53.1578947368421,GBIO
,63.66559485530546,GCBC
,54.26356589147287,GCMG
,38.75,GCT
,81.4207650273224,GCTK
,65.21739130434783,GDC
,53.90070921985816,GDEN
,64.9425287356322,GDEV
,55.319148936170215,GDHG
,53.40909090909091,GDRX
,50.40431266846361,GDS
,82.4742268041237,GDST
,97.02970297029702,GDSTU
,63.82978723404256,GDTC
,49.07749077490775,GDYN
,51.75202156334232,GECC
,73.18840579710145,GECCO
,56.37530072173216,GEG
,63.63636363636363,GEGGL
,47.61904761904761,GEHC
,51.31428571428571,GEN
,63.236870310825296,GENE
,43.24324324324324,GENK
,53.50943396226416,GEOS
,52.98346513299784,GERN
,61.969696969696976,GEVO
,56.451612903225815,GFAI
,56.63716814159292,GFGF
,49.16666666666666,GFS
,51.5126050420168,GGAL
,58.44155844155844,GGLL
,72.36842105263158,GGLS
,55.84415584415584,GGR
,50.18181818181818,GH
,71.42857142857143,GHIX
,82.4074074074074,GHIXU
,61.59420289855072,GHRS
,54.16359616801769,GIFI
,68.32298136645963,GIFT
,59.98349834983499,GIGM
,57.184241019698725,GIII
,51.66666666666667,GILD
,54.1025641025641,GILT
,33.33333333333333,GINX
,54.03225806451613,GIPR
,53.333333333333336,GLAC
,82.35294117647058,GLACU
,52.066115702479344,GLAD
,50.0,GLADZ
,56.25,GLBE
,65.4275092936803,GLBS
,72.51223491027733,GLBZ
,53.8638985005767,GLDD
,50.98039215686274,GLDI
,75.89285714285714,GLLI
,86.95652173913044,GLLIU
,57.821782178217816,GLMD
,50.72046109510087,GLNG
,52.55354200988468,GLPG
,49.523809523809526,GLPI
,50.531286894923255,GLRE
,56.57142857142857,GLSI
,73.52941176470588,GLST
,93.33333333333331,GLSTU
,55.88235294117647,GLTO
,52.17391304347826,GLUE
,56.92007797270955,GLYC
,60.26845637583893,GMAB
,75.82872928176796,GMGI
,65.21739130434783,GMM
,53.38645418326693,GNFT
,60.483870967741936,GNLN
,62.06896551724138,GNLX
,52.4671052631579,GNMA
,48.19277108433735,GNOM
,59.13621262458472,GNPX
,57.65407554671968,GNSS
,61.40350877192983,GNTA
,56.15023474178403,GNTX
,49.7907949790795,GO
,56.21621621621622,GOCO
,83.78378378378379,GODN
,95.23809523809524,GODNU
,57.25806451612904,GOEV
,49.37728937728938,GOGL
,52.68022181146026,GOGO
,50.2410800385728,GOOD
,52.654867256637175,GOODN
,53.62318840579711,GOODO
,52.43407707910751,GOOG
,52.73833671399595,GOOGL
,55.29801324503312,GORV
,58.36575875486382,GOSS
,53.62318840579711,GOVI
,56.00000000000001,GOVX
,54.7486033519553,GP
,59.64912280701754,GPCR
,55.00000000000001,GPIQ
,55.00000000000001,GPIX
,51.70893054024256,GPRE
,49.38775510204081,GPRO
,50.60240963855421,GRAB
,57.57575757575758,GRABW
,59.34426229508196,GRCE
,56.507136859781696,GREE
,44.26229508196721,GREEL
,51.86335403726709,GRFS
,61.53846153846154,GRI
,49.86149584487535,GRID
,53.44827586206896,GRNQ
,65.68077511473737,GROW
,57.71704180064309,GRPN
,62.5,GRRR
,58.004158004158,GRVY
,52.27272727272727,GRWG
,58.03278688524591,GRYP
,53.41830822711472,GSBC
,50.16835016835017,GSHD
,30.76923076923077,GSIB
,53.918128654970765,GSIT
,53.333333333333336,GSIW
,50.88195386702849,GSM
,55.68181818181818,GSUN
,56.16219667943806,GT
,56.47840531561462,GTBP
,57.59717314487632,GTEC
,70.0,GTI
,63.055729492799,GTIM
,50.0,GTLB
,51.21951219512195,GTR
,48.73646209386281,GTX
,55.70776255707762,GURE
,42.85714285714285,GUTS
,56.98924731182796,GV
,50.0,GVH
,58.09312638580931,GWAV
,51.88916876574308,GWRS
,63.63636363636363,GXAI
,52.27272727272727,GXTG
,52.93466223698782,GYRE
,73.17581653926337,GYRO
,55.90185676392573,HAFC
,72.89719626168224,HAIA
,87.71929824561403,HAIAU
,51.876234364713625,HAIN
,50.29761904761904,HALO
,62.5,HAO
,51.68995042812078,HAS
,55.43037404236142,HBAN
,52.83018867924528,HBANL
,51.42857142857142,HBANM
,57.59493670886076,HBANP
,51.02827763496144,HBCP
,52.245250431778935,HBIO
,57.74395702775291,HBNC
,45.73991031390135,HBT
,49.57264957264957,HCAT
,53.656658968437256,HCKT
,46.40198511166253,HCM
,56.00000000000001,HCOW
,41.2280701754386,HCP
,54.08464566929134,HCSG
,58.19672131147541,HCTI
,61.206896551724135,HCVI
,79.83870967741935,HCVIU
,67.91044776119402,HCWB
,57.9445571331981,HDSN
,52.083333333333336,HEAR
,46.11171960569551,HEES
,58.6450540315877,HELE
,58.54616895874263,HEPA
,50.36496350364964,HEPS
,57.95918367346938,HERD
,55.65610859728507,HERO
,74.61447212336893,HFBL
,58.35866261398176,HFFG
,55.222734254992325,HFWA
,70.21140294682895,HGBL
,55.52648790058862,HHS
,50.74626865671642,HIDE
,64.54698930782217,HIFS
,61.61689730517116,HIHO
,52.48618784530387,HIMX
,52.79503105590062,HISF
,49.68944099378882,HITI
,76.2481089258699,HIVE
,53.06122448979592,HKIT
,55.08474576271186,HLAL
,52.10199862164024,HLIT
,46.3855421686747,HLMN
,52.67605633802817,HLNE
,61.224489795918366,HLP
,47.368421052631575,HLVX
,100.0,HLXB
,50.24630541871922,HMST
,55.483870967741936,HNDL
,63.88308977035491,HNNA
,78.51239669421489,HNNAZ
,74.20424403183023,HNRG
,60.0,HNST
,60.215053763440864,HNVR
,50.18281535648994,HOFT
,63.366336633663366,HOFV
,53.78787878787878,HOLO
,52.505827505827504,HOLX
,52.58620689655172,HON
,48.0719794344473,HONE
,56.39097744360903,HOOD
,57.25806451612904,HOOK
,51.44376899696048,HOPE
,56.640625,HOTH
,54.54545454545454,HOUR
,59.28338762214984,HOVNP
,51.02040816326531,HOVR
,61.37931034482759,HOWL
,57.76892430278885,HPH
,43.68600682593857,HPK
,68.15068493150685,HPKEW
,71.42857142857143,HQGO
,66.50485436893204,HQI
,53.1958762886598,HQY
,48.333333333333336,HRMY
,64.17370325693607,HROW
,45.13888888888889,HROWL
,42.62295081967213,HROWM
,43.75,HRTS
,59.03418339663592,HRTX
,53.125,HRYU
,48.81305637982196,HRZN
,53.57142857142857,HSAI
,54.54545454545454,HSCS
,55.91836734693878,HSDT
,47.549019607843135,HSIC
,52.03511572226655,HSII
,53.21361058601134,HSON
,67.24137931034483,HSPO
,93.5483870967742,HSPOU
,53.89815232086526,HST
,50.62240663900415,HSTM
,51.87074829931972,HTBI
,54.41176470588235,HTBK
,58.4,HTCO
,48.11320754716981,HTCR
,50.71022727272727,HTHT
,52.55813953488372,HTIA
,54.83870967741935,HTIBP
,53.42538502389803,HTLD
,56.73758865248227,HTLF
,52.38095238095239,HTLFP
,60.60606060606061,HTOO
,63.41463414634146,HTOOW
,46.71532846715328,HTZ
,54.95495495495496,HUBC
,52.37420269312544,HUBG
,82.25806451612904,HUDA
,91.93548387096774,HUDAR
,95.83333333333334,HUDAU
,59.74842767295597,HUDI
,61.35265700483091,HUIZ
,53.6144578313253,HUMA
,59.85663082437276,HURA
,60.01821493624773,HURC
,51.02249488752556,HURN
,49.67105263157895,HUT
,60.38647342995169,HWBK
,49.75786924939467,HWC
,46.56084656084656,HWCPZ
,71.0,HWH
,65.75033799008563,HWKN
,55.55555555555556,HYDR
,53.333333333333336,HYFM
,51.8850987432675,HYLS
,55.11551155115512,HYMC
,62.06896551724138,HYMCL
,58.22784810126582,HYPR
,53.84615384615385,HYXF
,51.74418604651163,HYZD
,56.09756097560976,HYZN
,51.27388535031847,IAC
,49.583333333333336,IART
,43.79562043795621,IAS
,52.58175559380379,IBB
,48.57142857142857,IBBQ
,57.74575398867731,IBCP
,46.7032967032967,IBEX
,40.0,IBIT
,49.41176470588236,IBKR
,54.1029207232267,IBOC
,47.91666666666667,IBOT
,54.94252873563218,IBRX
,50.49019607843137,IBTE
,61.274509803921575,IBTF
,55.392156862745104,IBTG
,53.431372549019606,IBTH
,54.41176470588235,IBTI
,50.49019607843137,IBTJ
,63.24324324324324,IBTK
,48.837209302325576,IBTL
,53.48837209302325,IBTM
,55.55555555555556,IBTO
,49.45652173913043,IBTX
,58.86811520970186,ICAD
,66.86390532544378,ICCC
,80.34188034188034,ICCH
,55.81395348837209,ICCM
,60.71428571428571,ICCT
,50.79545454545455,ICFI
,50.98039215686274,ICG
,47.81420765027322,ICHR
,48.40764331210191,ICLK
,51.010101010101,ICLN
,49.88470407378939,ICLR
,54.813359528487226,ICMB
,56.75675675675676,ICOP
,63.57615894039736,ICU
,51.80124223602485,ICUI
,56.774193548387096,IDAI
,56.20608899297424,IDCC
,54.248366013071895,IDN
,48.78787878787879,IDXX
,57.20164609053497,IDYA
,51.65137614678898,IEF
,51.21387283236994,IEI
,57.14285714285714,IEP
,51.899696048632215,IESC
,52.67639902676399,IEUS
,57.14285714285714,IFBD
,52.06812652068127,IFGL
,56.56250000000001,IFRX
,50.41152263374485,IFV
,52.38095238095239,IGF
,54.68208092485549,IGIB
,55.18394648829431,IGIC
,51.98237885462555,IGMS
,48.16272965879265,IGOV
,54.33526011560693,IGSB
,73.39449541284404,IGTA
,96.49122807017544,IGTAU
,47.47899159663865,IHRT
,49.696969696969695,IHYF
,54.35540069686411,III
,50.51903114186851,IIIV
,57.77777777777777,IINN
,74.07407407407408,IINNW
,52.268907563025216,IJT
,60.66666666666667,IKNA
,63.19018404907976,IKT
,55.294117647058826,ILAG
,50.0,ILIT
,68.37606837606837,ILLR
,52.43697478991597,ILMN
,50.160771704180064,ILPT
,57.14285714285714,IMAB
,61.13989637305699,IMCC
,54.77707006369427,IMCR
,54.89404641775983,IMCV
,62.43386243386243,IMG
,54.15986949429038,IMKTA
,58.5,IMMP
,51.26530612244898,IMMR
,51.32743362831859,IMMX
,54.02298850574713,IMNM
,58.445678033306905,IMNN
,51.566265060240966,IMOM
,52.54074784276127,IMOS
,63.47826086956522,IMPP
,55.65217391304348,IMPPP
,62.75659824046921,IMRN
,56.39097744360903,IMRX
,53.915662650602414,IMTE
,55.84905660377358,IMTX
,52.8,IMUX
,44.35146443514644,IMVT
,55.11363636363637,IMXI
,60.15037593984962,INAB
,73.72881355932203,INAQ
,95.23809523809524,INAQU
,64.04867256637168,INBK
,61.66666666666667,INBKZ
,57.66871165644172,INBS
,61.38996138996139,INCR
,50.882930019620666,INCY
,57.023060796645694,INDB
,51.78571428571429,INDI
,56.22119815668203,INDP
,66.59482758620689,INDV
,51.87239944521498,INDY
,49.58579881656805,INFN
,61.90476190476191,INFR
,53.14960629921261,INGN
,46.15384615384615,INHD
,52.459016393442624,INKT
,58.752515090543255,INM
,50.775193798449614,INMB
,51.72413793103448,INMD
,53.59477124183007,INNV
,57.23270440251572,INO
,58.5603112840467,INOD
,56.65236051502146,INSE
,54.39045183290708,INSG
,52.25375626043406,INSM
,46.71532846715328,INTA
,49.25642181162686,INTC
,74.98873366381252,INTG
,47.72727272727273,INTR
,61.11111111111112,INTS
,48.84763124199744,INTU
,65.81409856519028,INTZ
,62.93103448275862,INV
,49.69387755102041,INVA
,54.6205860255447,INVE
,51.06382978723404,INVZ
,55.434782608695656,INZY
,58.82352941176471,IOBT
,55.172413793103445,IONR
,53.022974607013296,IONS
,51.191391237509606,IOSP
,56.80473372781065,IOVA
,83.36314847942755,IPA
,56.31868131868132,IPAR
,60.61151079136691,IPDN
,49.82738780207135,IPGP
,56.05381165919282,IPHA
,53.64891518737672,IPKW
,58.992805755395686,IPSC
,57.638888888888886,IPW
,54.52793834296724,IPWR
,46.590909090909086,IPX
,52.94117647058824,IPXX
,85.36585365853658,IPXXU
,51.49501661129568,IQ
,50.0,IRBT
,63.85281385281385,IRD
,51.736972704714645,IRDM
,47.008547008547005,IREN
,55.37482319660537,IRIX
,48.6652977412731,IRMD
,40.0,IROH
,100.0,IROHU
,47.51381215469613,IRON
,62.441314553990615,IROQ
,47.72117962466488,IRTC
,51.0548523206751,IRWD
,53.805774278215225,ISHG
,52.406417112299465,ISHP
,61.87050359712231,ISPC
,50.318471337579616,ISPO
,66.2420382165605,ISPOW
,54.16666666666666,ISPR
,52.21757322175732,ISRG
,62.264150943396224,ISRL
,91.52542372881356,ISRLU
,52.0605550883095,ISSC
,54.35540069686411,ISTB
,54.39672801635992,ISTR
,51.16731517509727,ITCI
,59.468085106382986,ITIC
,52.17391304347826,ITOS
,53.23741007194245,ITRI
,55.2901023890785,ITRM
,50.967741935483865,ITRN
,52.51798561151079,IUS
,47.5609756097561,IUSB
,53.78151260504202,IUSG
,51.38772077375946,IUSV
,56.98924731182796,IVA
,55.3295932678822,IVAC
,51.50214592274678,IVAL
,73.5632183908046,IVCA
,94.6808510638298,IVCAU
,66.98113207547169,IVCB
,87.71929824561403,IVCBU
,73.52941176470588,IVCP
,84.68468468468468,IVCPU
,71.939477303989,IVDA
,35.78947368421053,IVEG
,64.28571428571429,IVP
,54.54545454545454,IVVD
,52.702702702702695,IWTR
,55.33980582524271,IXHL
,52.09059233449478,IXUS
,59.77011494252874,IZEA
,47.05882352941176,IZM
,53.53159851301115,JACK
,62.5560538116592,JAGX
,52.13675213675214,JAKK
,46.73913043478261,JAMF
,54.285714285714285,JANX
,49.645390070921984,JAZZ
,52.28726020659125,JBHT
,51.04072398190045,JBLU
,53.90288875230485,JBSS
,48.95833333333333,JCSE
,64.7226173541963,JCTC
,52.323232323232325,JD
,61.11111111111112,JDOC
,70.2127659574468,JEPQ
,60.75949367088608,JFBR
,55.10204081632652,JFIN
,58.00865800865801,JFU
,59.85915492957746,JG
,50.0,JIVE
,54.57856399583767,JJSF
,53.93374741200828,JKHY
,75.0,JL
,56.056338028169016,JMSB
,51.51515151515152,JNVR
,57.70277626565051,JOUT
,40.625,JPEF
,55.4054054054054,JRSH
,52.36051502145923,JRVR
,50.19646365422397,JSM
,52.70935960591133,JSMD
,51.970443349753694,JSML
,51.18483412322274,JSPR
,70.96774193548387,JTAI
,60.86956521739131,JTEK
,54.889589905362776,JVA
,100.0,JVSAU
,50.6578947368421,JWEL
,58.27338129496403,JXJT
,56.52173913043478,JYD
,48.83227176220807,JYNT
,60.75949367088608,JZ
,59.44055944055944,JZXN
,77.98165137614679,KACL
,95.6140350877193,KACLU
,57.14285714285714,KALA
,50.28058361391695,KALU
,52.54988913525499,KALV
,47.651006711409394,KARO
,56.52173913043478,KAVL
,52.48796147672552,KBWB
,53.81165919282511,KBWD
,56.30630630630631,KBWP
,52.48796147672552,KBWR
,51.71898355754858,KBWY
,52.820512820512825,KC
,50.81351689612015,KDP
,50.42372881355932,KE
,54.25867507886435,KELYA
,88.88332498748123,KELYB
,71.06804867057232,KEQU
,62.77372262773723,KFFB
,71.18881118881119,KGEI
,50.56947608200456,KHC
,50.0,KIDS
,64.00651465798045,KINS
,49.54128440366973,KIRK
,64.39393939393939,KITT
,53.17206754906435,KLAC
,57.8027950310559,KLIC
,67.36842105263158,KLTO
,60.44776119402984,KLTR
,50.35714285714285,KLXE
,54.77941176470589,KMDA
,55.10204081632652,KNDI
,53.392330383480825,KNGZ
,51.19453924914675,KNSA
,51.63636363636363,KOD
,55.16169154228856,KOPN
,65.38981523208652,KOSS
,55.66037735849056,KPLT
,56.11353711790393,KPRX
,50.38314176245211,KPTI
,59.3607305936073,KRKR
,52.71317829457365,KRMA
,72.82968853545394,KRMD
,46.34146341463415,KRNT
,50.9375,KRNY
,58.38150289017341,KRON
,50.37037037037037,KROP
,58.79396984924623,KROS
,54.66666666666666,KRRO
,48.64864864864865,KRT
,50.64377682403433,KRUS
,48.92966360856269,KRYS
,54.629629629629626,KSCP
,77.77777777777779,KSPI
,59.00681596884129,KTCC
,52.36541598694943,KTOS
,57.14285714285714,KTTA
,49.53271028037384,KURA
,61.53846153846154,KVAC
,84.84848484848484,KVACU
,57.95454545454546,KVHI
,55.27950310559007,KWE
,61.5625,KXIN
,50.0,KYMR
,50.0,KYTX
,58.59621451104101,KZIA
,58.82352941176471,KZR
,46.21212121212121,LAB
,66.66666666666666,LAES
,59.989429175475685,LAKE
,48.09489575844716,LAMR
,54.664263181613336,LANC
,48.1283422459893,LAND
,54.37499999999999,LANDM
,48.25581395348838,LANDO
,46.15384615384615,LANDP
,68.01324503311258,LARK
,55.4054054054054,LASE
,53.535353535353536,LASR
,70.29702970297029,LATG
,83.33333333333334,LATGU
,50.41782729805014,LAUR
,56.57370517928288,LAZR
,57.99999999999999,LBPH
,55.29661016949152,LBRDA
,50.21186440677966,LBRDK
,48.466257668711656,LBRDP
,51.053159478435305,LBTYA
,80.12048192771084,LBTYB
,51.23258306538049,LBTYK
,60.0,LCFY
,54.54545454545454,LCID
,62.13355048859936,LCNB
,56.77966101694916,LCUT
,49.75845410628019,LDEM
,50.38167938931297,LDSF
,58.44155844155844,LDTC
,61.30988477865373,LDWY
,53.17460317460318,LE
,49.137931034482754,LECO
,53.443113772455085,LEDS
,57.00766110860748,LEE
,55.09433962264151,LEGH
,52.35602094240838,LEGN
,55.483870967741936,LEGR
,44.927536231884055,LENZ
,57.647058823529406,LESL
,59.375,LEXX
,56.50636492220651,LFCR
,61.86046511627907,LFLY
,69.00369003690037,LFMD
,58.06451612903226,LFMDP
,52.142857142857146,LFST
,48.9281210592686,LFUS
,70.75596816976127,LFVN
,58.24634655532359,LFWD
,66.66666666666666,LGCB
,50.0,LGCL
,52.71966527196653,LGHL
,48.46743295019157,LGIH
,59.02255639097744,LGMK
,51.71102661596958,LGND
,68.71428571428572,LGO
,44.82758620689656,LGRO
,55.990338164251206,LGTY
,58.333333333333336,LGVN
,49.72677595628415,LI
,53.57142857142857,LICN
,55.90062111801242,LIDR
,60.24844720496895,LIDRW
,52.33644859813084,LIEN
,67.3913043478261,LIFW
,48.29157175398633,LILA
,49.31818181818181,LILAK
,49.5,LIN
,54.40084835630965,LINC
,54.54545454545454,LIND
,67.79964221824687,LINK
,55.33980582524271,LION
,61.90476190476191,LIPO
,58.86075949367089,LIQT
,51.14678899082568,LITE
,63.24786324786324,LITM
,56.14035087719298,LITP
,58.654708520179376,LIVE
,48.82075471698113,LIVN
,79.66101694915254,LIXT
,75.90361445783132,LIXTW
,61.30268199233716,LKCO
,49.813293502613895,LKFN
,52.71844660194175,LKQ
,66.66666666666666,LLYVA
,48.38709677419355,LLYVK
,50.7411630558723,LMAT
,57.231404958677686,LMB
,48.72881355932204,LMBS
,59.036144578313255,LMFA
,63.30097087378641,LMNR
,52.63157894736842,LNKB
,52.29885057471264,LNSR
,53.84316770186336,LNT
,53.40909090909091,LNTH
,59.09774436090226,LNW
,57.6,LNZA
,64.58832933653078,LOAN
,52.88065843621399,LOCO
,60.36585365853659,LOGC
,49.33726067746687,LOGI
,53.459119496855344,LOOP
,50.3242542153048,LOPE
,57.93103448275863,LOT
,48.61111111111111,LOVE
,52.48091603053435,LPCN
,51.8628912071535,LPLA
,54.81727574750831,LPRO
,51.120331950207465,LPSN
,56.97098372257607,LPTH
,51.66666666666667,LPTX
,46.83098591549296,LQDA
,49.61496149614962,LQDT
,48.38709677419355,LQR
,52.08955223880597,LRCX
,37.5,LRE
,49.05303030303031,LRFC
,57.14285714285714,LRGE
,60.86956521739131,LRHC
,53.56415478615071,LRMR
,49.0566037735849,LRND
,56.060606060606055,LSAK
,61.36363636363637,LSB
,71.46017699115043,LSBK
,52.57076834199884,LSCC
,58.333333333333336,LSEA
,62.96590007930214,LSTA
,49.0083173384517,LSTR
,61.53050672182007,LTBR
,50.526315789473685,LTRN
,56.68629100084104,LTRX
,55.26315789473685,LTRY
,59.01639344262295,LUCD
,61.25000000000001,LUCY
,76.25,LUCYW
,50.47732696897375,LULU
,52.82714054927303,LUMO
,53.45982142857143,LUNA
,58.04597701149425,LUNG
,52.991452991453,LUNR
,61.25000000000001,LUXH
,60.0,LUXHP
,55.31400966183575,LVHD
,52.54237288135594,LVLU
,51.3595166163142,LVO
,55.833333333333336,LVRO
,50.66666666666667,LVTX
,60.84507042253521,LWAY
,61.69265033407573,LWLG
,50.955414012738856,LX
,61.49425287356321,LXEH
,63.1578947368421,LXEO
,54.52282157676349,LXRX
,62.58992805755396,LYEL
,51.79282868525896,LYFT
,51.53061224489795,LYRA
,66.29213483146067,LYT
,54.245043213014746,LYTS
,45.98540145985402,LZ
,54.16666666666666,MAGS
,66.66666666666666,MAGX
,54.07407407407408,MAMA
,49.5398773006135,MANH
,51.11111111111111,MAPS
,52.67584097859327,MAR
,56.85618729096989,MARA
,71.24831004957188,MARPS
,78.43137254901961,MARX
,90.9090909090909,MARXU
,49.46236559139785,MASI
,55.828220858895705,MASS
,53.156146179402,MAT
,53.86996904024768,MATH
,51.941097724230254,MATW
,44.5945945945946,MAXI
,53.072625698324025,MAXN
,86.35674583122788,MAYS
,55.192532088681446,MBB
,69.81132075471697,MBCN
,52.48447204968944,MBIN
,56.00000000000001,MBINM
,53.289473684210535,MBINN
,51.08225108225109,MBINO
,54.68277945619335,MBIO
,48.57142857142857,MBLY
,58.41121495327103,MBNKP
,60.95592799503415,MBOT
,59.03307888040712,MBRX
,50.588235294117645,MBUU
,52.17391304347826,MBWM
,47.16157205240175,MCBS
,48.05491990846682,MCFT
,48.69831546707504,MCHI
,48.94298526585522,MCHP
,56.318407960199,MCHX
,54.090909090909086,MCRB
,56.42023346303502,MCRI
,45.71428571428572,MCSE
,87.27015558698727,MCVT
,65.77181208053692,MDAI
,50.464396284829725,MDB
,52.0,MDBH
,52.41935483870967,MDCP
,52.66821345707656,MDGL
,50.943396226415096,MDIA
,50.85616438356164,MDIV
,58.01526717557252,MDJH
,49.21465968586388,MDLZ
,56.17977528089888,MDRR
,73.7864077669903,MDRRP
,52.18253968253968,MDWD
,53.51418002466092,MDXG
,62.18487394957983,MDXH
,62.27544910179641,ME
,54.30809399477808,MEDP
,52.63157894736842,MEDX
,50.0,MEGL
,56.03532875368008,MEIP
,53.588516746411486,MELI
,55.55555555555556,MEMS
,52.930174563591024,MEOH
,56.48302726766834,MERC
,56.02836879432624,MESA
,57.78401122019636,MESO
,53.187919463087255,META
,51.25348189415042,METC
,52.63157894736842,METCB
,56.2962962962963,METCL
,58.758314855875824,MFH
,47.76119402985074,MFIC
,51.82012847965739,MFIN
,50.26595744680851,MFLX
,55.83596214511041,MGEE
,57.56097560975609,MGIC
,58.333333333333336,MGIH
,53.38645418326693,MGNI
,52.28136882129277,MGNX
,54.23728813559322,MGOL
,52.85874439461884,MGPI
,56.32879475542107,MGRC
,61.90476190476191,MGRM
,52.0,MGRX
,56.3573883161512,MGTX
,50.0,MGX
,69.36542669584244,MGYR
,53.31664580725908,MHLD
,54.285714285714285,MHUA
,56.476964769647694,MIDD
,76.80921052631578,MIGI
,55.80808080808081,MILN
,52.07060420909709,MIND
,63.33333333333333,MIRA
,51.06382978723404,MIRM
,50.61224489795918,MIST
,70.0,MITA
,78.98550724637681,MITAU
,61.38669673055242,MITK
,61.70212765957447,MKAM
,75.51020408163265,MKDW
,49.562450278440735,MKSI
,57.6271186440678,MKTW
,50.05128205128205,MKTX
,63.49678058444774,MLAB
,49.42396313364056,MLCO
,61.03896103896104,MLEC
,54.729729729729726,MLGO
,53.31230283911672,MLKN
,45.34883720930232,MLTX
,42.85714285714285,MLYS
,50.8364312267658,MMLP
,53.28253223915592,MMSI
,57.14285714285714,MMV
,50.8029197080292,MMYT
,56.22895622895623,MNDO
,42.142857142857146,MNDY
,54.80283114256825,MNKD
,63.143631436314365,MNMD
,55.74712643678161,MNOV
,57.00934579439252,MNPR
,53.771289537712896,MNRO
,69.02465166130762,MNSB
,67.2316384180791,MNSBP
,58.9942975635044,MNST
,46.540880503144656,MNTK
,75.0,MNTL
,63.20754716981132,MNTS
,55.98335067637878,MNTX
,65.45454545454545,MNY
,56.36363636363636,MNYWW
,56.9620253164557,MOB
,89.87341772151899,MOBBW
,71.7557251908397,MOBX
,56.60377358490566,MODD
,52.77777777777778,MODL
,51.15830115830116,MODV
,51.53751537515375,MOFG
,57.10144927536231,MOGO
,57.55395683453237,MOLN
,54.389721627409,MOMO
,56.29139072847682,MOND
,45.65217391304348,MOOD
,48.0546792849632,MORN
,53.64238410596026,MOVE
,60.66225165562914,MPAA
,67.2713529856387,MPB
,50.77081192189106,MPWR
,55.00000000000001,MQ
,49.06666666666666,MRAM
,54.37499999999999,MRBK
,53.054101221640494,MRCC
,52.547528517110266,MRCY
,56.2753036437247,MREO
,58.12274368231047,MRIN
,65.47619047619048,MRKR
,62.96296296296296,MRM
,51.8796992481203,MRNA
,61.38613861386138,MRNO
,50.92783505154639,MRNS
,50.4424778761062,MRSN
,60.56114346214928,MRTN
,48.22335025380711,MRUS
,53.293413173652695,MRVI
,46.60519698239732,MRVL
,67.79661016949152,MSAI
,47.96954314720812,MSBI
,56.41025641025641,MSBIP
,63.39285714285714,MSEX
,48.05194805194805,MSFD
,51.7223382045929,MSFT
,53.24675324675325,MSFU
,57.49999999999999,MSGM
,52.17391304347826,MSS
,76.92307692307693,MSSA
,86.86868686868688,MSSAU
,48.72783346183501,MSTR
,59.16030534351145,MTC
,51.52866242038216,MTCH
,58.87850467289719,MTEK
,56.38629283489096,MTEM
,54.94853523357086,MTEX
,52.6530612244898,MTLS
,54.71250740960285,MTRX
,51.735537190082646,MTSI
,56.9620253164557,MTTR
,62.5,MTVA
,50.74775672981057,MU
,67.65463917525774,MULN
,68.75,MURA
,65.12820512820512,MVBF
,57.245854361932224,MVIS
,54.980079681274894,MVST
,58.64661654135338,MXCT
,49.28977272727273,MXL
,47.368421052631575,MYFW
,52.23463687150838,MYGN
,58.47457627118644,MYNA
,65.54621848739495,MYNZ
,54.60122699386503,MYPS
,76.07361963190185,MYPSW
,52.101910828025474,MYRG
,59.00783289817232,MYSZ
,52.63157894736842,NAAS
,56.33986928104575,NAII
,51.59235668789809,NAMS
,58.97435897435898,NAMSW
,61.26126126126125,NAOV
,48.70466321243524,NARI
,55.81841432225064,NATH
,52.02156334231805,NATR
,45.05494505494506,NAUT
,48.4,NAVI
,61.76470588235294,NAYA
,64.0,NB
,72.72727272727273,NBBK
,50.678087080656674,NBIX
,67.5704989154013,NBN
,52.853598014888334,NBTB
,58.53658536585365,NBTX
,53.36426914153132,NCMI
,57.97546012269939,NCNA
,48.38709677419355,NCNO
,50.0,NCPB
,83.48214285714286,NCPL
,67.08074534161491,NCRA
,56.77233429394812,NCSM
,53.71134020618557,NCTY
,52.46800731261426,NDAQ
,54.25925925925926,NDLS
,59.46745562130178,NDRA
,56.692203695358266,NDSN
,64.3097643097643,NECB
,58.85714285714285,NEGG
,54.96031746031746,NEO
,55.2812858783008,NEOG
,63.30326944757609,NEON
,51.813471502590666,NEOV
,62.62729124236253,NEPH
,51.65289256198346,NERD
,55.21472392638037,NERV
,66.66666666666666,NETD
,85.71428571428571,NETDU
,55.29212531752752,NEWT
,42.85714285714285,NEWTI
,59.11949685534591,NEWTZ
,47.482014388489205,NEXN
,54.19501133786848,NEXT
,51.820388349514566,NFBK
,51.737451737451735,NFE
,47.952684258416745,NFLX
,62.7677100494234,NFTY
,54.65346534653466,NGNE
,61.71389080856945,NHTC
,49.96471418489767,NICE
,60.0,NIKL
,52.74725274725275,NISN
,86.60714285714286,NITO
,55.51470588235294,NIU
,65.34653465346535,NIVF
,74.91349480968859,NIXX
,54.16666666666666,NKGN
,57.38831615120274,NKLA
,52.6573998364677,NKSH
,52.95681063122923,NKTR
,49.46236559139785,NKTX
,56.9620253164557,NLSP
,67.72151898734177,NLSPW
,51.23839009287926,NMFC
,50.0,NMFCZ
,63.91752577319587,NMHI
,47.2168905950096,NMIH
,61.53846153846154,NMRA
,54.6031746031746,NMRK
,58.415841584158414,NMTC
,44.70588235294118,NN
,52.54798146922568,NNBR
,58.2716049382716,NNDM
,53.333333333333336,NNOX
,49.29178470254957,NODK
,58.45921450151057,NOTV
,50.87440381558028,NOVT
,52.38095238095239,NPCE
,50.0,NPFI
,50.64220183486239,NRC
,52.94117647058824,NRDS
,33.33333333333333,NRES
,58.511904761904766,NRIM
,45.65217391304348,NRIX
,59.64912280701754,NRSN
,66.24605678233438,NRXP
,100.0,NSCR
,42.85714285714285,NSI
,47.20708446866485,NSIT
,60.36866359447005,NSPR
,60.6857679661813,NSSC
,55.96330275229357,NSTS
,62.45161290322581,NSYS
,52.033660589060304,NTAP
,51.37318255250404,NTCT
,50.62866722548198,NTES
,51.39557266602503,NTGR
,61.762880198634384,NTIC
,48.98989898989899,NTLA
,50.26595744680851,NTNX
,51.025056947608206,NTRA
,54.83870967741935,NTRB
,68.54838709677419,NTRBW
,57.54437869822485,NTRP
,53.582694907616045,NTRS
,47.05882352941176,NTRSO
,56.16224648985959,NTWK
,71.19565217391305,NUKK
,60.1010101010101,NURO
,50.0,NUSB
,51.51515151515152,NUTX
,49.62406015037594,NUVL
,59.86842105263158,NUWE
,72.22222222222221,NVAC
,55.40730337078652,NVAX
,44.835680751173705,NVCR
,50.467289719626166,NVCT
,58.620689655172406,NVD
,51.50078988941548,NVDA
,46.15384615384615,NVDD
,71.875,NVDL
,52.94117647058824,NVDS
,50.0,NVDU
,56.51274982770504,NVEC
,48.57685009487666,NVEE
,57.6,NVFY
,54.93775933609959,NVMI
,58.03571428571429,NVNI
,55.13698630136986,NVNO
,54.54545454545454,NVTS
,61.224489795918366,NVVE
,61.6822429906542,NVX
,52.67072346179851,NWBI
,53.48837209302325,NWE
,61.556064073226544,NWFL
,50.0,NWGL
,53.357368183866605,NWL
,52.63157894736842,NWPX
,53.04990757855823,NWS
,46.950092421441774,NWSA
,57.2139303482587,NWTN
,53.09734513274337,NXGL
,63.1578947368421,NXL
,50.87463556851311,NXPI
,80.27709861450693,NXPL
,49.56011730205279,NXST
,41.07142857142857,NXT
,54.285714285714285,NXTC
,50.15197568389058,NXTG
,55.95238095238096,NXTT
,63.51351351351351,NXU
,66.66666666666666,NYAX
,50.40404040404041,NYMT
,52.55474452554745,NYMTL
,53.6036036036036,NYMTM
,49.22118380062305,NYMTN
,49.57264957264957,NYMTZ
,63.013698630136986,NYXH
,49.46695095948827,NZAC
,54.63917525773196,NZUS
,48.38709677419355,OABI
,76.19047619047619,OAKU
,80.95238095238095,OAKUR
,94.0,OAKUU
,52.98507462686567,OB
,53.73134328358209,OBIL
,58.46994535519126,OBIO
,63.0524861878453,OBLG
,82.58754863813229,OBT
,57.67045454545454,OCC
,52.91970802919708,OCCI
,61.73913043478261,OCCIN
,57.53424657534247,OCCIO
,58.82352941176471,OCEA
,50.03584229390681,OCFC
,56.41025641025641,OCFCP
,56.09756097560976,OCG
,58.119658119658126,OCGN
,58.04195804195804,OCS
,50.88161209068011,OCSL
,59.78260869565217,OCTO
,54.11522633744856,OCUL
,56.28019323671497,OCX
,52.94117647058824,ODD
,50.0,ODDS
,53.61519607843137,ODFL
,53.54767184035477,ODP
,53.789731051344745,OESX
,54.51151213441194,OFIX
,49.57356076759062,OFLX
,55.41958041958041,OFS
,76.66666666666667,OFSSH
,60.90534979423868,OGI
,53.71428571428572,OKTA
,57.04697986577181,OKUR
,53.76344086021505,OKYO
,82.9896907216495,OLB
,48.8272921108742,OLED
,51.02974828375287,OLLI
,47.30538922155689,OLMA
,60.483870967741936,OLPX
,49.717514124293785,OM
,49.71297359357061,OMAB
,58.10606060606061,OMCC
,49.91212653778559,OMCL
,49.51856946354883,OMER
,56.10749185667753,OMEX
,57.89473684210527,OMGA
,48.0,OMH
,60.56338028169014,OMIC
,50.24958402662229,ON
,55.23952095808383,ONB
,47.08994708994709,ONBPO
,54.92227979274611,ONBPP
,61.90476190476191,ONCO
,55.38005923000987,ONCT
,58.76106194690266,ONCY
,53.333333333333336,ONDS
,54.1747572815534,ONEQ
,46.85990338164252,ONEW
,49.36708860759494,ONFO
,75.36231884057972,ONMD
,55.993431855500816,ONVO
,56.896551724137936,OP
,59.15492957746479,OPAL
,75.1334044823906,OPBK
,53.05975521958244,OPCH
,52.38095238095239,OPEN
,68.00766283524904,OPHC
,52.75167785234899,OPI
,48.40425531914894,OPINL
,59.34219734079777,OPK
,60.72555205047318,OPOF
,51.76056338028169,OPRA
,51.76991150442478,OPRT
,61.38855054811205,OPRX
,58.13953488372093,OPT
,54.629629629629626,OPTN
,63.888888888888886,OPTX
,65.23605150214593,OPXS
,58.42696629213483,ORGN
,57.30027548209367,ORGO
,52.28426395939086,ORIC
,59.37266616878267,ORKA
,49.64675658317277,ORLY
,55.64705882352941,ORMP
,62.66986410871303,ORRF
,56.609947643979055,OSBC
,48.4984984984985,OSIS
,53.46153846153846,OSPN
,54.0453074433657,OSS
,67.36842105263158,OST
,57.27948990435706,OSUR
,51.09717868338558,OSW
,52.081863091037405,OTEX
,56.52173913043478,OTLK
,49.65034965034965,OTLY
,62.25490196078432,OTRK
,58.38509316770186,OTTR
,68.4922244759973,OVBC
,51.15606936416185,OVID
,62.64591439688716,OVLY
,56.06361829025845,OXBR
,55.135951661631424,OXLC
,40.397350993377486,OXLCL
,52.80898876404494,OXLCN
,58.77862595419848,OXLCO
,46.85990338164252,OXLCP
,55.96330275229357,OXLCZ
,50.53763440860215,OXSQ
,63.38028169014085,OXSQG
,62.0,OXSQZ
,48.10126582278481,OZK
,58.333333333333336,OZKAP
,52.70588235294118,PAA
,47.91666666666667,PABU
,51.780415430267055,PACB
,48.76190476190476,PAGP
,51.6,PAHC
,59.88304093567252,PALI
,71.65714285714286,PALT
,58.69910100475939,PAMT
,55.42635658914728,PANL
,50.4258943781942,PANW
,48.42562432138979,PARA
,50.0,PARAA
,52.94117647058824,PASG
,61.01847679134745,PATK
,53.5064935064935,PAVM
,59.27601809954752,PAVS
,60.37735849056604,PAX
,43.604651162790695,PAYO
,70.53140096618358,PAYS
,52.42053789731052,PAYX
,69.62962962962963,PBBK
,54.46808510638298,PBFS
,74.49194113524878,PBHC
,78.94736842105263,PBM
,53.42205323193916,PBPB
,49.248747913188645,PBYI
,52.09553853086975,PCAR
,55.319148936170215,PCB
,51.73501577287066,PCH
,50.529500756429655,PCRX
,75.04950495049505,PCSA
,51.61290322580645,PCT
,81.02564102564102,PCTTU
,52.38095238095239,PCTY
,50.0,PCVX
,62.24286662242866,PCYO
,56.9620253164557,PDBA
,46.92144373673036,PDBC
,52.94117647058824,PDCO
,54.22535211267606,PDD
,65.29535864978902,PDEX
,49.69271290605795,PDFS
,52.61538461538462,PDLB
,51.33876600698487,PDP
,55.86854460093896,PDSB
,56.00000000000001,PDYN
,68.09499225606608,PEBK
,55.3286534779834,PEBO
,46.75324675324675,PECO
,50.03589375448672,PEGA
,50.72886297376093,PENG
,51.832111925383074,PENN
,53.40735068912711,PEP
,46.80851063829788,PEPG
,52.68346111719606,PERI
,57.77777777777777,PESI
,56.00000000000001,PET
,52.59377494014365,PETS
,59.021406727828754,PETZ
,61.11111111111112,PEV
,50.92783505154639,PEY
,52.61958997722096,PEZ
,60.953920776071136,PFBC
,53.592233009708735,PFC
,55.32163742690058,PFF
,51.32978723404256,PFG
,51.25284738041002,PFI
,57.50708215297451,PFIE
,65.9070191431176,PFIS
,53.11158798283262,PFM
,53.25342465753424,PFMT
,68.0,PFTA
,81.34328358208955,PFTAU
,55.35444947209653,PFX
,62.71186440677966,PFXNZ
,54.588986432561846,PGC
,50.74906367041199,PGEN
,53.608247422680414,PGJ
,48.86877828054298,PGNY
,56.4625850340136,PGY
,57.66871165644172,PHAR
,49.7737556561086,PHAT
,57.11892797319933,PHIO
,54.45652173913044,PHO
,60.752688172043015,PHUN
,53.5031847133758,PHVS
,54.92227979274611,PI
,52.14592274678112,PID
,52.32843137254902,PIE
,54.36241610738255,PIII
,52.54237288135594,PIK
,53.03030303030303,PINC
,51.30331753554502,PIO
,53.24675324675325,PIRS
,68.75,PITA
,53.30882352941176,PIZ
,52.49042145593869,PKBK
,62.77173913043478,PKOH
,53.91705069124424,PKW
,53.59056806002144,PLAB
,67.02127659574468,PLAO
,50.31578947368421,PLAY
,59.57049486461251,PLBC
,54.18994413407822,PLBY
,50.449775112443774,PLCE
,55.91054313099042,PLL
,72.0,PLMJ
,81.95488721804512,PLMJU
,50.403225806451616,PLMR
,55.06783719074222,PLPC
,54.9738219895288,PLRX
,51.392405063291136,PLSE
,53.125,PLTK
,47.42857142857143,PLTR
,55.012224938875306,PLUG
,61.55321188878236,PLUR
,55.30523255813954,PLUS
,53.09734513274337,PLXS
,52.25653206650831,PLYA
,61.06194690265486,PMCB
,58.2529474812433,PMD
,52.17391304347826,PMEC
,84.29561200923787,PMN
,52.47058823529412,PMTS
,50.28571428571429,PMVP
,65.65860215053763,PNBK
,50.75885328836425,PNFP
,54.16666666666666,PNFPP
,56.29722921914357,PNQI
,74.89860297431275,PNRG
,53.333333333333336,PNTG
,62.51788268955652,POAI
,74.58359037631091,POCI
,29.629629629629623,PODC
,50.943396226415096,PODD
,69.06565656565657,POET
,55.73770491803278,POLA
,51.43256464011181,POOL
,50.37821482602119,POWI
,59.0806669671023,POWL
,53.910614525139664,POWW
,49.29577464788733,POWWP
,55.274888558692425,PPBI
,51.07398568019092,PPBT
,54.465753424657535,PPC
,53.29489291598023,PPH
,57.14285714285714,PPI
,61.29779837775203,PPIH
,58.57664233576643,PPSI
,43.2258064516129,PPTA
,82.52427184466019,PPYA
,95.41284403669724,PPYAU
,52.0,PRAA
,47.674418604651166,PRAX
,57.81990521327014,PRCH
,44.44444444444444,PRCT
,51.29179331306991,PRDO
,57.77777777777777,PRE
,63.12849162011173,PRFX
,54.029511918274686,PRFZ
,50.24330900243309,PRGS
,51.42857142857142,PRLD
,66.98113207547169,PRLH
,82.45614035087719,PRLHU
,56.33802816901409,PRME
,53.075170842824605,PRN
,60.46511627906976,PROC
,48.41628959276018,PROF
,45.25547445255474,PROK
,61.469534050179206,PROP
,55.08595988538681,PROV
,58.97945659377071,PRPH
,55.21327014218009,PRPL
,57.98816568047337,PRPO
,52.51046025104602,PRQR
,54.60122699386503,PRSO
,49.82332155477032,PRTA
,66.07142857142857,PRTC
,62.70125223613597,PRTG
,57.76566757493188,PRTH
,55.51684088269454,PRTS
,50.68493150684932,PRVA
,60.60606060606061,PRZO
,53.05039787798409,PSC
,49.78662873399716,PSCC
,52.204836415362735,PSCD
,53.34281650071123,PSCE
,50.49786628733997,PSCF
,54.19630156472262,PSCH
,51.49359886201992,PSCI
,54.76529160739687,PSCM
,52.63157894736842,PSCT
,48.36415362731152,PSCU
,50.55611729019211,PSEC
,56.32754342431762,PSET
,57.74436090225564,PSHG
,53.18906605922551,PSL
,50.97305389221557,PSMT
,56.48535564853556,PSNL
,60.83916083916085,PSNY
,67.81609195402298,PSNYW
,60.94570928196147,PSTV
,47.8494623655914,PSTX
,61.76470588235294,PT
,49.913144180660105,PTC
,50.64695009242144,PTCT
,50.0,PTEC
,53.39869281045752,PTEN
,53.64464692482915,PTF
,47.51958224543081,PTGX
,53.18906605922551,PTH
,58.21917808219178,PTIX
,58.67768595041323,PTLO
,53.04948216340621,PTMN
,54.29864253393665,PTNQ
,50.0,PTON
,59.036144578313255,PTPI
,49.43181818181818,PTVE
,46.06060606060606,PUBM
,52.37580993520518,PUI
,57.45526838966203,PULM
,50.57208237986271,PVBC
,66.66666666666666,PWM
,62.0253164556962,PWOD
,44.31137724550898,PWP
,69.38775510204081,PWUP
,84.76190476190476,PWUPU
,52.50569476082004,PXI
,53.044203502919096,PXLW
,53.681710213776725,PXS
,58.80893300248139,PY
,59.70149253731343,PYCR
,55.85106382978723,PYPD
,55.35307517084283,PYPL
,52.03252032520326,PYXS
,51.36674259681093,PYZ
,50.516129032258064,PZZA
,49.122807017543856,QABA
,55.42168674698795,QAT
,51.21951219512195,QCLN
,53.48837209302325,QCLR
,50.15384615384615,QCOM
,59.38722294654498,QCRH
,54.46375074895147,QDEL
,40.0,QETA
,86.95652173913044,QETAU
,49.43396226415094,QFIN
,58.06451612903226,QH
,72.99270072992701,QIPT
,59.09090909090909,QLGN
,53.03292894280762,QLYS
,54.19354838709678,QMCO
,25.0,QMID
,53.34928229665071,QMOM
,51.83673469387755,QNCX
,55.72916666666666,QNRX
,51.69014084507042,QNST
,61.855670103092784,QNTM
,78.57142857142857,QOWZ
,52.22222222222223,QQEW
,50.0,QQJG
,51.66666666666667,QQMG
,53.80952380952381,QQQ
,50.349650349650354,QQQA
,54.63576158940398,QQQE
,71.42857142857143,QQQI
,52.02312138728323,QQQJ
,53.17919075144509,QQQM
,48.61111111111111,QQQS
,54.80880648899189,QQQX
,65.38461538461539,QQQY
,50.47058823529412,QQXT
,58.88111888111888,QRHC
,53.48837209302325,QRMI
,53.726362625139046,QRTEA
,71.0789766407119,QRTEB
,49.72067039106145,QRTEP
,52.58620689655172,QRVO
,56.896551724137936,QSG
,57.14285714285714,QSI
,50.0,QSML
,52.0,QTEC
,68.0672268907563,QTI
,53.48837209302325,QTR
,54.11392405063291,QTRX
,54.48504983388705,QTTB
,56.63082437275986,QTUM
,76.01390498261877,QUBT
,55.65500406834825,QUIK
,53.52941176470589,QURE
,48.10126582278481,QVAL
,62.83333333333333,QXO
,56.86653771760155,QYLD
,61.11111111111112,QYLE
,51.13636363636363,QYLG
,51.78197064989518,RAIL
,75.70977917981072,RAND
,54.13533834586466,RANI
,47.511312217194565,RAPT
,48.23529411764706,RARE
,58.71261378413524,RAVE
,46.03174603174603,RAYA
,59.055118110236215,RAYS
,52.23880597014925,RBB
,54.34056761268782,RBBN
,52.55417956656346,RBCAA
,64.61538461538461,RBKB
,81.00358422939068,RCAT
,56.87919463087249,RCEL
,49.34497816593886,RCKT
,54.78316326530612,RCKY
,59.76505139500734,RCMT
,57.53052917232022,RCON
,53.93848462115529,RDCM
,47.60479041916168,RDFN
,54.07801418439716,RDHL
,59.95073891625615,RDI
,87.4384236453202,RDIB
,57.518248175182485,RDNT
,50.71989528795812,RDUS
,55.81395348837209,RDVT
,54.08560311284047,RDVY
,47.84727863525589,RDWR
,67.27272727272727,RDZN
,51.28205128205128,REAI
,56.72268907563025,REAL
,48.4472049689441,REAX
,59.25925925925925,REBN
,61.875,REE
,47.82608695652174,REFI
,60.68421052631579,REFR
,49.28104575163399,REG
,50.0,REGCO
,73.07692307692307,REGCP
,53.28115593016255,REGN
,45.45454545454545,REIT
,54.24242424242425,REKR
,63.05732484076433,RELI
,60.80550098231827,RELL
,49.6,RELY
,52.922077922077925,RENB
,66.27906976744185,RENE
,88.29787234042553,RENEU
,51.293103448275865,RENEW
,51.66666666666667,RENT
,49.122807017543856,REPL
,57.41324921135647,RETO
,55.35714285714286,REVB
,52.40384615384615,REYN
,73.95833333333334,RFAC
,90.0,RFACU
,54.88721804511278,RFDI
,50.127877237851656,RFEM
,57.64411027568922,RFEU
,59.08488063660477,RFIL
,62.22222222222222,RGC
,62.294001318391565,RGCO
,55.026178010471206,RGEN
,51.26050420168067,RGF
,59.80528511821975,RGLD
,56.770833333333336,RGLS
,47.89719626168225,RGNX
,50.256410256410255,RGP
,55.81818181818182,RGS
,50.34013605442177,RGTI
,54.647099930118806,RICK
,53.66894197952219,RIGL
,65.19138755980862,RILY
,53.04347826086957,RILYG
,48.0,RILYK
,53.37078651685393,RILYL
,49.51456310679612,RILYM
,52.21238938053098,RILYN
,54.91071428571429,RILYP
,47.79874213836478,RILYT
,55.3030303030303,RILYZ
,75.16914749661706,RIME
,50.32786885245901,RING
,52.11970074812968,RIOT
,53.38983050847458,RIVN
,53.03370786516855,RKDA
,47.90419161676647,RKLB
,53.51351351351351,RLAY
,57.841140529531565,RLMD
,46.616541353383454,RLYB
,50.84033613445378,RMBI
,53.48189415041783,RMBL
,50.18504811250926,RMBS
,63.40447683498178,RMCF
,69.6551724137931,RMCO
,56.38051044083527,RMNI
,50.480769230769226,RMR
,79.83870967741935,RMSG
,54.25531914893617,RMTI
,54.736842105263165,RNA
,51.02564102564102,RNAC
,50.73529411764706,RNAZ
,55.19287833827893,RNEM
,47.88732394366197,RNEW
,52.02702702702703,RNRG
,51.17647058823529,RNSC
,53.16455696202531,RNW
,62.65822784810127,RNWWW
,55.03875968992248,RNXT
,58.78378378378378,ROAD
,52.63157894736842,ROBT
,53.23741007194245,ROCK
,70.37037037037037,ROCL
,84.82142857142857,ROCLU
,53.125,ROE
,51.10497237569061,ROIC
,44.24242424242424,ROIV
,47.54601226993865,ROKU
,80.0,ROMA
,52.046783625731,ROOT
,48.97959183673469,ROP
,52.05549845837616,ROST
,50.349650349650354,RPAY
,51.48741418764302,RPD
,62.22222222222222,RPID
,52.38095238095239,RPRX
,61.37566137566137,RPTX
,70.58823529411765,RR
,53.65853658536586,RRBI
,50.687442713107245,RRGB
,52.51256281407035,RRR
,57.06666666666666,RSLS
,67.55952380952381,RSSS
,51.5527950310559,RSVR
,67.29559748427673,RSVRW
,56.68202764976959,RTC
,51.697127937336816,RTH
,58.78378378378378,RUM
,48.61751152073733,RUN
,48.71794871794872,RUNN
,47.86407766990291,RUSHA
,54.681915654038605,RUSHB
,46.11650485436893,RVMD
,54.420432220039295,RVNC
,63.003663003663,RVPH
,58.850424559111694,RVSB
,50.505050505050505,RVSN
,78.09388335704125,RVYL
,48.7603305785124,RWAY
,48.78048780487805,RWAYL
,51.5625,RWAYZ
,48.29931972789115,RXRX
,54.88721804511278,RXST
,55.494505494505496,RXT
,47.73906597479615,RYAAY
,48.76543209876543,RYTM
,66.60746003552399,RZLT
,62.71186440677966,RZLV
,47.0,SABR
,54.14012738853503,SABS
,54.52003727865797,SAFT
,48.25462012320328,SAGE
,52.398523985239855,SAIA
,53.30812854442344,SAIC
,51.82481751824818,SAIH
,47.96296296296296,SAMG
,63.69426751592356,SANA
,81.94640338504936,SANG
,48.20282413350449,SANM
,55.6998556998557,SANW
,53.78151260504202,SARK
,50.397877984084886,SASR
,58.66666666666666,SATL
,48.52941176470589,SATS
,56.208053691275175,SAVA
,51.52487961476726,SBAC
,64.0,SBC
,59.21898171033119,SBCF
,64.74074074074075,SBET
,60.67769897557132,SBFG
,62.85714285714285,SBFM
,52.65700483091788,SBGI
,54.14634146341464,SBLK
,50.81374321880651,SBRA
,54.54545454545454,SBT
,49.49937421777221,SBUX
,51.39318885448917,SCHL
,60.09577015163608,SCKT
,58.82352941176471,SCLX
,54.035874439461885,SCNI
,70.53045186640472,SCNX
,53.44418052256532,SCOR
,56.42633228840125,SCPH
,53.209794837855725,SCSC
,56.40204865556978,SCVL
,78.15845824411134,SCWO
,55.527638190954775,SCWX
,55.82329317269076,SCYX
,53.6019536019536,SCZ
,63.94557823129252,SDA
,51.507537688442206,SDG
,49.75845410628019,SDGR
,61.15702479338842,SDIG
,53.883495145631066,SDOT
,55.55555555555556,SDSI
,68.62745098039215,SDST
,48.28660436137071,SDVY
,56.19834710743802,SEAT
,70.37037037037037,SEATW
,47.34513274336283,SEDG
,57.55467196819085,SEED
,55.757575757575765,SEER
,55.85793357933579,SEIC
,58.97435897435898,SELF
,59.77011494252874,SELX
,59.55315870570108,SENEA
,81.38801261829653,SENEB
,56.2962962962963,SERA
,50.0,SERV
,52.63157894736842,SETM
,54.18060200668896,SEVN
,53.84615384615385,SEZL
,72.02453987730061,SFBC
,47.33542319749217,SFIX
,50.0,SFLO
,49.7196261682243,SFM
,62.53177427554652,SFNC
,61.77669111654441,SFST
,51.02040816326531,SFWL
,54.92327365728901,SGA
,57.817109144542776,SGBX
,59.93788819875776,SGC
,60.0,SGD
,59.25925925925925,SGHT
,55.58343789209536,SGLY
,58.443271767810025,SGMA
,62.15277777777778,SGML
,54.27385892116183,SGMO
,52.94117647058824,SGMT
,65.15580736543909,SGRP
,49.53051643192488,SGRY
,56.1038961038961,SHBI
,54.49101796407185,SHC
,51.07741420590583,SHEN
,53.07692307692308,SHFS
,47.05882352941176,SHIM
,63.714637146371466,SHIP
,55.69620253164557,SHLS
,65.3061224489796,SHLT
,51.31233595800525,SHOO
,57.05882352941176,SHOT
,60.256410256410255,SHPH
,47.1976401179941,SHRY
,63.69942196531792,SHV
,53.21100917431193,SHY
,57.78443113772455,SHYF
,48.71794871794872,SIBN
,54.38596491228071,SIDU
,74.67327625056332,SIEB
,56.79414157851912,SIFY
,55.95505617977528,SIGA
,53.85308697611537,SIGI
,45.18072289156627,SIGIP
,58.877887788778885,SILC
,57.14285714285714,SILO
,48.83227176220807,SIMO
,58.85826771653543,SINT
,54.57604306864064,SIRI
,58.77659574468085,SISI
,55.96330275229357,SITM
,48.4251968503937,SIXG
,49.21259842519685,SJ
,58.996937212863706,SJW
,72.15189873417721,SKGR
,89.65517241379311,SKGRU
,67.5,SKGRW
,49.700598802395206,SKIN
,49.361702127659576,SKOR
,60.0,SKRE
,45.76271186440678,SKWD
,64.79481641468684,SKYE
,46.93877551020408,SKYT
,55.34591194968554,SKYU
,54.20609884332281,SKYW
,51.886792452830186,SKYX
,52.96875,SKYY
,50.20712510356256,SLAB
,61.16504854368932,SLDB
,57.34265734265735,SLDP
,58.03921568627452,SLE
,53.72168284789643,SLGL
,50.80842724154826,SLM
,60.36131774707758,SLMBP
,51.68539325842697,SLN
,60.25943396226416,SLNG
,62.55012028869287,SLNH
,60.0,SLNHP
,55.95744680851064,SLNO
,57.01559020044543,SLP
,55.23809523809524,SLQD
,53.52112676056338,SLRC
,45.45454545454545,SLRN
,58.69565217391305,SLRX
,58.85997521685255,SLS
,50.36363636363637,SLVO
,77.18120805369128,SLXN
,62.59946949602122,SMBC
,0.0,SMCF
,53.09941520467836,SMCI
,60.0,SMCO
,58.12917594654788,SMCP
,51.29490392648288,SMH
,67.88475052705552,SMID
,52.66272189349112,SMLR
,48.35164835164835,SMMT
,49.25816023738873,SMPL
,46.15384615384615,SMRI
,59.02439024390244,SMSI
,58.22442541685445,SMTC
,76.85676392572944,SMTI
,58.77192982456141,SMX
,33.33333333333333,SMXT
,60.29411764705882,SNAL
,57.08661417322835,SNAX
,51.29615082482325,SNBR
,50.67114093959732,SNCR
,55.88235294117647,SNCRL
,44.73684210526316,SNCY
,54.44743935309974,SND
,54.93562231759657,SNDL
,46.66666666666666,SNDX
,57.92349726775956,SNES
,59.71272229822161,SNEX
,67.31707317073172,SNFCA
,64.67859509609013,SNGX
,59.606481481481474,SNOA
,49.53560371517028,SNPS
,57.57575757575758,SNPX
,50.955414012738856,SNSE
,56.61375661375661,SNSR
,60.409993593850096,SNT
,62.5,SNTG
,55.633802816901415,SNTI
,49.36014625228519,SNY
,81.93891102257636,SOBR
,48.953301127214175,SOCL
,49.38271604938272,SOFI
,58.0952380952381,SOGP
,55.417956656346746,SOHO
,56.99208443271768,SOHOB
,53.41365461847389,SOHON
,63.580246913580254,SOHOO
,50.0,SOHU
,51.97368421052632,SOND
,55.91836734693878,SONM
,70.17142857142858,SONN
,52.65017667844523,SONO
,61.34453781512605,SOPA
,53.73134328358209,SOPH
,67.75738228252195,SOTK
,48.42105263157895,SOUN
,72.3589001447178,SOWG
,48.57142857142857,SOXQ
,50.569675723049954,SOXX
,42.85714285714285,SPAM
,54.38596491228071,SPAQ
,54.929577464788736,SPBC
,59.523809523809526,SPC
,67.2216441207076,SPCB
,53.04878048780488,SPCX
,52.6530612244898,SPFI
,56.66666666666666,SPGC
,59.85401459854016,SPI
,56.25,SPKL
,86.95652173913044,SPKLU
,56.82684973302822,SPNS
,51.3874614594039,SPOK
,61.53846153846154,SPPL
,54.91329479768786,SPRB
,62.7906976744186,SPRC
,53.58255451713395,SPRO
,49.24242424242424,SPRX
,57.57575757575758,SPRY
,48.71428571428572,SPSC
,57.20930232558139,SPT
,49.70563498738436,SPTN
,51.6,SPWH
,59.77011494252874,SQFT
,54.285714285714285,SQFTP
,56.37982195845698,SQLV
,57.6056338028169,SQQQ
,44.881889763779526,SRAD
,60.0,SRBK
,56.81485100146556,SRCE
,50.34324942791763,SRDX
,53.524229074889874,SRET
,66.66666666666666,SRM
,52.03854707190512,SRPT
,51.877133105802045,SRRK
,54.285714285714285,SRTS
,49.68944099378882,SRZN
,56.96629213483146,SSBI
,42.74809160305343,SSBK
,58.270270270270274,SSKN
,51.920341394025606,SSNC
,55.05555555555556,SSP
,52.91157440690151,SSRM
,52.08012326656395,SSSS
,67.2566371681416,SSSSL
,54.09356725146199,SSTI
,53.40985820391627,SSYS
,53.21782178217822,STAA
,64.01446654611212,STAF
,52.30099502487562,STBA
,56.9620253164557,STBX
,54.54545454545454,STCN
,51.33333333333333,STEC
,48.58757062146893,STEP
,52.230610844200406,STGW
,48.97959183673469,STHO
,53.68421052631579,STI
,53.81944444444444,STIM
,55.26315789473685,STKH
,60.08316008316008,STKL
,54.285714285714285,STKS
,49.018181818181816,STLD
,51.47058823529412,STNE
,53.13807531380753,STOK
,47.91666666666667,STRA
,64.7237401335762,STRL
,56.75675675675676,STRM
,51.81159420289855,STRO
,58.23293172690763,STRR
,60.352422907488986,STRRP
,60.575719649561954,STRS
,54.30327868852459,STRT
,52.57731958762887,STSS
,54.33526011560693,STTK
,52.007469654528485,STX
,75.0,SUGP
,58.29428303655108,SUNE
,50.836120401337794,SUPN
,51.12540192926045,SURG
,58.333333333333336,SUSB
,50.595238095238095,SUSC
,52.24489795918368,SUSL
,67.70126091173618,SVA
,48.50590687977762,SVC
,62.85714285714285,SVII
,81.94444444444444,SVIIU
,58.108108108108105,SVMH
,55.04322766570605,SVRA
,60.0,SVRE
,54.6218487394958,SWAG
,51.61550888529887,SWBI
,54.10958904109589,SWIM
,59.25925925925925,SWIN
,61.76948051948053,SWKH
,47.82608695652174,SWKHL
,54.13948820873056,SWKS
,49.77973568281938,SWTX
,55.92105263157895,SWVL
,54.58015267175572,SXTC
,51.42857142857142,SXTP
,56.50406504065041,SY
,54.1319666880205,SYBT
,55.16431924882629,SYBX
,39.869281045751634,SYM
,49.955156950672645,SYNA
,58.15036593479708,SYPR
,58.333333333333336,SYRA
,51.74999999999999,SYRE
,53.98457583547558,SYRS
,55.10204081632652,SYT
,67.42857142857143,SYTA
,54.32276657060518,TACT
,66.48351648351648,TAIT
,59.01639344262295,TALK
,54.52538631346579,TANH
,58.97727272727272,TAOP
,54.85232067510548,TARA
,47.368421052631575,TARK
,54.65116279069767,TARS
,49.28571428571429,TASK
,64.30488459473966,TATT
,69.54732510288066,TAYD
,52.319842053307006,TBBK
,64.19753086419753,TBIL
,56.934306569343065,TBLA
,49.62406015037594,TBLD
,62.7906976744186,TBMC
,75.51020408163265,TBMCR
,49.05405405405405,TBNK
,46.9758064516129,TBPH
,46.496815286624205,TBRG
,59.32835820895522,TC
,47.6374156219865,TCBI
,53.333333333333336,TCBIO
,54.91329479768786,TCBK
,57.54716981132076,TCBP
,71.85185185185186,TCBS
,51.26050420168067,TCBX
,52.33644859813084,TCHI
,52.2077922077922,TCMD
,48.87365328109696,TCOM
,49.501661129568106,TCPC
,55.18716577540107,TCRT
,57.77777777777777,TCRX
,55.57768924302788,TCTM
,55.76923076923077,TCX
,69.23076923076923,TDI
,51.54109589041096,TDIV
,47.159090909090914,TDSB
,48.86363636363637,TDSC
,50.0,TDUP
,52.03836930455636,TEAM
,53.64612775579424,TECH
,69.42148760330579,TECTP
,53.97923875432527,TECX
,57.077625570776256,TELA
,83.33333333333334,TELO
,51.76056338028169,TENB
,61.16633532140491,TENX
,52.71739130434783,TER
,56.68789808917197,TERN
,64.70588235294117,TETE
,93.57798165137616,TETEU
,55.203619909502265,TFFP
,47.34607218683652,TFIN
,52.38095238095239,TFINP
,50.0,TFSL
,74.76635514018692,TGAA
,87.71929824561403,TGAAU
,51.85185185185185,TGL
,54.7925608011445,TGTX
,55.11551155115512,TH
,53.63636363636364,THAR
,55.4054054054054,THCH
,70.16129032258065,THCP
,85.07462686567165,THCPU
,56.81536555142503,THFF
,53.94736842105263,THRD
,56.32258064516129,THRM
,67.11409395973155,THRY
,57.89473684210527,THTX
,50.38167938931297,TIGO
,55.55555555555556,TIGR
,62.251655629139066,TIL
,53.73062015503876,TILE
,60.650887573964496,TIPT
,55.69620253164557,TIRX
,48.47374847374847,TITN
,69.49152542372882,TIVC
,57.798165137614674,TKLF
,39.85507246376812,TKNO
,64.36482084690553,TLF
,78.70370370370371,TLGY
,94.82758620689656,TLGYU
,62.5,TLN
,58.877086494688925,TLPH
,54.736842105263165,TLRY
,60.47904191616767,TLS
,52.23880597014925,TLSA
,59.23566878980891,TLSI
,71.97452229299363,TLSIW
,51.74311926605505,TLT
,53.54330708661418,TMC
,54.10958904109589,TMCI
,55.90551181102362,TMCWW
,49.59349593495935,TMDX
,52.58215962441315,TMUS
,51.24760076775432,TNDM
,58.51272015655577,TNFA
,54.49438202247191,TNGX
,64.21052631578948,TNON
,57.95644891122278,TNXP
,59.3984962406015,TNYA
,59.16230366492147,TOI
,71.37452711223203,TOMZ
,52.74725274725275,TOP
,56.60377358490566,TORO
,54.72837022132797,TOUR
,54.87220447284346,TOWN
,57.42574257425742,TOYO
,65.97307221542228,TPCS
,48.18181818181818,TPG
,100.0,TPGXL
,50.51813471502591,TPIC
,52.88966725043783,TPST
,56.901408450704224,TQQQ
,61.38059701492538,TRAW
,57.49999999999999,TRDA
,49.36386768447837,TREE
,55.87863463969659,TRIB
,46.83544303797469,TRIN
,54.21686746987952,TRINL
,50.80906148867314,TRIP
,51.59198113207547,TRMB
,54.57516339869281,TRMD
,57.999098693105,TRMK
,47.91666666666667,TRML
,64.44444444444444,TRNR
,68.93744644387317,TRNS
,63.760896637608965,TROO
,50.36572622779519,TROW
,47.64150943396226,TRS
,58.31313620940378,TRST
,51.00806451612904,TRUE
,66.95652173913044,TRUG
,50.71868583162218,TRUP
,60.82191780821918,TRVG
,55.10204081632652,TRVI
,50.58572949946751,TSAT
,53.338391502276174,TSBK
,47.05882352941176,TSBX
,49.96699669966997,TSCO
,60.71428571428571,TSDD
,57.0945945945946,TSEM
,59.42857142857143,TSHA
,54.32098765432099,TSL
,52.821997105644,TSLA
,49.38271604938272,TSLL
,50.588235294117645,TSLQ
,57.14285714285714,TSLR
,59.25925925925925,TSLS
,57.14285714285714,TSLT
,57.14285714285714,TSLZ
,70.21505376344086,TSSI
,59.66386554621849,TSVT
,53.315649867374006,TTD
,51.54565061107117,TTEC
,53.47692307692308,TTEK
,52.47641509433962,TTGT
,51.18443316412859,TTMI
,61.14245416078985,TTNP
,63.01652892561983,TTOO
,52.0618556701031,TTSH
,49.70501474926254,TTWO
,45.65217391304348,TUG
,52.17391304347826,TUGN
,51.42857142857142,TUR
,48.0,TURB
,63.10444874274661,TURN
,53.475935828877006,TUSK
,69.36936936936937,TVGN
,48.6013986013986,TVTX
,50.4,TW
,58.94547093285264,TWIN
,46.86346863468634,TWST
,46.92982456140351,TXG
,65.60659599528857,TXMD
,50.03828483920367,TXN
,52.85714285714286,TXRH
,100.0,TXSS
,61.71875,TYGO
,47.61904761904761,TYRA
,51.42857142857142,TZOO
,77.22772277227723,TZUP
,53.81526104417671,UAE
,49.23245614035088,UAL
,63.49104859335039,UBCP
,56.93893735130848,UBFO
,54.03225806451613,UBND
,54.58468176914779,UBSI
,56.41891891891891,UBX
,52.17391304347826,UCAR
,58.94736842105262,UCL
,44.354838709677416,UCRD
,51.491053677932406,UCTT
,57.23270440251572,UCYB
,49.16666666666666,UDMY
,51.59642401021711,UEIC
,55.27950310559007,UEVM
,64.30824695808923,UFCS
,46.93877551020408,UFIV
,47.389558232931726,UFO
,51.47155003270111,UFPI
,55.51181102362205,UFPT
,61.78458765209554,UG
,56.62100456621004,UGRO
,56.66666666666666,UHG
,47.82608695652174,UITB
,53.72670807453416,UIVM
,52.27272727272727,UK
,54.22759059122696,ULBI
,60.0,ULCC
,48.75259875259875,ULH
,50.12106537530266,ULTA
,51.86335403726709,ULVM
,52.38095238095239,ULY
,57.14285714285714,UMBF
,46.84684684684685,UMMA
,60.048426150121074,UNB
,55.14705882352941,UNCY
,50.55679287305123,UNIT
,46.42857142857143,UNIY
,57.23684210526315,UNTY
,59.26517571884984,UONE
,58.89724310776943,UONEK
,50.817438692098094,UPBD
,51.65562913907284,UPC
,47.66949152542373,UPLD
,54.87804878048781,UPST
,49.09090909090909,UPWK
,60.14492753623188,UPXI
,50.68672334859385,URBN
,53.17919075144509,URGN
,50.877192982456144,URNJ
,57.53424657534247,UROY
,53.86702849389417,USAP
,59.531320414601176,USAU
,49.25373134328358,USCB
,100.0,USCF
,55.26315789473685,USCL
,66.66666666666666,USDX
,56.97674418604651,USEA
,62.28030644434431,USEG
,46.875,USFI
,58.69565217391305,USGO
,53.81062355658198,USIG
,70.91917591125198,USIO
,66.60657954033348,USLM
,50.0,USMC
,53.16091954022989,USOI
,55.27950310559007,USTB
,48.75776397515528,USVM
,40.0,USVN
,49.735449735449734,USXF
,44.44444444444444,UTEN
,48.95666131621188,UTHR
,46.0,UTHY
,51.82539682539683,UTMD
,50.0,UTRE
,54.710743801652896,UTSI
,49.382716049382715,UTWO
,44.0,UTWY
,55.938697318007655,UVSP
,55.017301038062286,UXIN
,77.79552715654951,VABK
,56.55172413793104,VALN
,59.75728155339806,VALU
,58.08510638297872,VANI
,74.43181818181817,VBFC
,48.06201550387597,VBNK
,48.529411764705884,VBTX
,49.11504424778761,VC
,61.172161172161175,VCEL
,57.446808510638306,VCIG
,52.704576976421635,VCIT
,52.56588072122052,VCLT
,60.07067137809188,VCNX
,38.46153846153847,VCRB
,56.375838926174495,VCSA
,50.762829403606105,VCSH
,46.75324675324675,VCTR
,46.845124282982795,VCYT
,51.8970189701897,VECO
,63.44827586206897,VEEA
,58.95522388059702,VEEE
,51.52616279069767,VEON
,54.166666666666664,VERA
,56.929637526652456,VERB
,48.69565217391305,VERI
,55.24691358024691,VERO
,60.83860759493671,VERU
,50.35971223021583,VERV
,47.82608695652174,VERX
,53.90625,VFF
,56.75675675675676,VFLO
,48.38709677419355,VFS
,55.172413793103445,VFSWW
,58.06451612903226,VGAS
,49.237170596393895,VGIT
,53.212290502793294,VGLT
,54.09153952843273,VGSH
,40.0,VGSR
,52.54237288135594,VIASP
,50.916230366492144,VIAV
,55.05552308591467,VICR
,56.896551724137936,VIGI
,50.45045045045045,VIGL
,55.208333333333336,VINC
,53.16455696202531,VINP
,53.62318840579711,VIOT
,59.375,VIR
,64.48850833708877,VIRC
,47.11111111111111,VIRT
,57.74193548387097,VIRX
,63.33333333333333,VISL
,47.540983606557376,VITL
,69.80874316939891,VIVK
,53.125,VKTX
,62.903225806451616,VLCN
,72.17694994179278,VLGEA
,53.239929947460595,VLY
,50.0,VLYPO
,48.9051094890511,VLYPP
,59.2814371257485,VMAR
,51.04022191400832,VMBS
,77.08333333333334,VMCA
,92.3076923076923,VMCAU
,53.01724137931034,VMD
,53.84615384615385,VMEO
,45.3757225433526,VMOT
,52.93466223698782,VNDA
,54.307692307692314,VNET
,49.89816700610998,VNOM
,50.29673590504451,VNQI
,50.701065619742,VOD
,55.08100147275405,VONE
,58.615611192930785,VONG
,55.37555228276878,VONV
,57.324840764331206,VOR
,50.27322404371585,VOXR
,53.2548047117173,VOXX
,64.28571428571429,VPLS
,50.07407407407407,VRA
,62.04379562043796,VRAR
,54.761904761904766,VRAX
,51.724137931034484,VRCA
,56.0081466395112,VRDN
,45.70637119113574,VREX
,53.05039787798409,VRIG
,54.973821989528794,VRM
,75.42662116040955,VRME
,54.46685878962536,VRNA
,51.28205128205128,VRNS
,53.27272727272727,VRNT
,60.89743589743589,VRPX
,43.75,VRRM
,54.53296703296703,VRSK
,50.75987841945289,VRSN
,50.09118541033435,VRTX
,72.08904109589042,VS
,50.0,VSAT
,55.873925501432666,VSDA
,65.08620689655173,VSEC
,78.57142857142857,VSEE
,70.83333333333334,VSME
,54.572271386430685,VSMV
,72.5,VSSYW
,61.20218579234973,VSTA
,66.35514018691589,VSTE
,54.828150572831426,VSTM
,56.25,VTC
,64.64174454828661,VTGN
,55.96465390279823,VTHR
,49.04347826086956,VTIP
,53.80802163136548,VTRS
,53.63321799307958,VTSI
,57.931034482758626,VTVT
,54.78645066273933,VTWG
,54.19734904270987,VTWO
,47.864506627393226,VTWV
,53.71900826446281,VTYX
,59.45945945945946,VUZI
,59.3939393939394,VVOS
,62.612612612612615,VVPR
,57.53676470588235,VWOB
,62.31816048803379,VXRT
,52.416918429003026,VXUS
,51.06888361045131,VYGR
,52.21674876847291,VYMI
,59.354838709677416,VYNE
,58.179360072104544,WABC
,56.00000000000001,WABF
,54.24460431654676,WAFD
,47.46835443037975,WAFDP
,51.012145748987855,WAFU
,63.829787234042556,WAI
,60.416666666666664,WALD
,75.52447552447552,WALDW
,58.036677454153185,WASH
,58.25049701789264,WATT
,51.82481751824818,WAVE
,72.44897959183673,WAVS
,94.54545454545455,WAVSU
,50.8,WB
,51.464623704371334,WBA
,49.89384288747346,WBD
,52.0,WBND
,52.38095238095239,WBUY
,53.16455696202531,WCBR
,57.64192139737992,WCLD
,48.17391304347826,WDAY
,54.5653123634775,WDC
,55.86287495130503,WDFC
,58.725135623869804,WEN
,54.282711508145034,WERN
,52.459016393442624,WEST
,50.0,WETH
,66.33618747183417,WEYS
,65.52119129438717,WFCF
,46.913580246913575,WFRD
,60.37735849056604,WGMI
,57.647058823529406,WGS
,50.70422535211267,WHF
,72.41379310344827,WHFCL
,69.54022988505747,WHLM
,56.21716287215411,WHLR
,59.82142857142857,WHLRD
,54.130434782608695,WHLRP
,59.733530717986675,WILC
,54.50000000000001,WIMI
,57.337662337662344,WINA
,53.48837209302325,WINC
,53.619909502262445,WING
,63.428174878556554,WINT
,85.48387096774194,WINV
,94.48818897637796,WINVU
,68.30985915492957,WISA
,64.28571428571429,WISE
,54.406130268199234,WIX
,63.601532567049816,WKEY
,62.87769784172662,WKHS
,85.85152838427948,WKSP
,53.669724770642205,WLDN
,62.33766233766234,WLDS
,54.584837545126355,WLFC
,47.82608695652174,WLGS
,51.30890052356021,WMG
,84.4139650872818,WMPN
,51.96850393700787,WNDY
,53.62976406533575,WNEB
,55.487804878048784,WNW
,51.010101010101,WOOD
,56.25,WOOF
,60.8,WORX
,57.961783439490446,WPRT
,54.94880546075085,WRAP
,52.21130221130221,WRLD
,49.056603773584904,WRND
,58.34230355220667,WSBC
,55.73770491803278,WSBCP
,53.17545748116254,WSBF
,54.39429928741093,WSC
,55.28973950026581,WSFS
,55.62649640861931,WTBA
,46.15384615384615,WTBN
,47.509578544061306,WTFC
,51.81818181818182,WTFCM
,57.948717948717956,WTFCP
,80.55555555555556,WTMA
,97.32142857142857,WTMAU
,59.73154362416108,WTO
,49.91273996509599,WTW
,71.83565275016566,WULF
,50.3562945368171,WVE
,60.90174966352625,WVVI
,66.57894736842105,WVVIP
,52.44444444444445,WW
,48.04506295559973,WWD
,48.282265552460544,WYNN
,54.98281786941581,XAIR
,75.47169811320755,XBIL
,55.26992287917738,XBIO
,52.44444444444445,XBIT
,67.58620689655173,XBP
,59.863945578231295,XCUR
,52.58051998447808,XEL
,59.96533795493934,XELB
,51.69491525423729,XENE
,56.40138408304498,XERS
,55.172413793103445,XFOR
,58.14977973568281,XGN
,62.727272727272734,XHG
,61.15702479338842,XLO
,43.06569343065693,XMTR
,51.35135135135135,XNCR
,52.953156822810584,XNET
,57.06036745406824,XOMA
,45.94594594594595,XOMAO
,57.3170731707317,XOMAP
,53.939393939393945,XOS
,52.5,XOVR
,49.76744186046512,XP
,48.319327731092436,XPEL
,50.505050505050505,XPON
,50.89430894308943,XRAY
,52.800000000000004,XRTX
,50.89399744572158,XRX
,56.95364238410596,XT
,65.64102564102564,XTIA
,53.2,XTKG
,64.98929336188436,XTLB
,61.71761280931587,XWEL
,56.797583081571,XXII
,57.373271889400925,XYLO
,55.23255813953488,YGMZ
,58.87404580152672,YHGJ
,55.39568345323741,YI
,25.0,YIBO
,58.13008130081301,YJ
,55.10204081632652,YLDE
,45.48736462093863,YMAB
,53.63128491620112,YORW
,58.44155844155844,YOSH
,82.75862068965517,YOTA
,95.87628865979381,YOTAU
,58.43373493975904,YQ
,57.26027397260274,YTRA
,50.175438596491226,YY
,68.32298136645963,YYAI
,51.724137931034484,Z
,64.70588235294117,ZAPP
,50.2436053593179,ZBRA
,75.67567567567568,ZCAR
,53.65853658536586,ZCMD
,50.28203062046737,ZD
,56.71641791044776,ZENV
,69.2982456140351,ZEO
,53.10846560846561,ZEUS
,49.21630094043887,ZG
,46.596858638743456,ZI
,49.523809523809526,ZIMV
,53.71789094186571,ZION
,53.13092979127134,ZIONL
,47.40608228980322,ZIONO
,53.11778290993071,ZIONP
,54.0,ZJYL
,58.484848484848484,ZKIN
,50.15290519877675,ZLAB
,52.016129032258064,ZM
,52.0,ZNTL
,57.42574257425742,ZS
,62.7906976744186,ZTEK
,52.21052631578947,ZUMZ
,52.94117647058824,ZURA
,56.44444444444444,ZVRA
,60.37735849056604,ZVSA
,47.83861671469741,ZYME
