Symbol,Accuracy
20MICRONS,54.736842105263165
21STCENMGM,52.30263157894737
360ONE,43.24324324324324
3IINFOLTD,59.65665236051502
3MINDIA,54.317548746518106
3PLAND,65.48223350253807
5PAISA,54.80769230769232
63MOONS,53.24675324675325
A2ZINFRA,58.43558282208589
AAATECH,58.53658536585365
AAKASH,64.11149825783971
AAREYDRUGS,56.25
AARON,53.333333333333336
AARTECH,54.54545454545454
AARTIDRUGS,50.4930966469428
AARTIIND,47.4025974025974
AARTIPHARM,47.27272727272727
AARTISURF,52.74725274725275
AARVEEDEN,53.57561547479485
AARVI,59.93690851735016
AAVAS,49.62686567164179
ABAN,52.94117647058824
ABB,51.66975881261595
ABBOTINDIA,66.88432835820896
ABCAPITAL,51.86335403726709
ABFRL,51.23809523809524
ABINFRA,78.0701754385965
ABMINTLLTD,70.52631578947368
ABREL,53.036723163841806
ABSLAMC,52.10084033613446
ACC,50.51067780872794
ACCELYA,54.317548746518106
ACCURACY,60.71428571428571
ACE,51.68408826945412
ACEINTEG,80.54711246200608
ACI,51.5625
ACL,60.94224924012158
ACLGATI,57.27590221187428
ADANIENSOL,44.44444444444444
ADANIENT,51.02040816326531
ADANIGREEN,58.657243816254415
ADANIPORTS,50.68493150684932
ADANIPOWER,52.78551532033426
ADFFOODS,58.04511278195489
ADL,51.17647058823529
ADORWELD,53.85329619312906
ADROITINFO,54.93975903614457
ADSL,54.63414634146342
ADVANIHOTR,59.34466019417476
ADVENZYMES,52.92553191489362
AEROFLEX,50.0
AETHER,42.5287356321839
AFFLE,54.18502202643172
AGARIND,55.072463768115945
AGI,51.39146567717996
AGRITECH,58.116232464929865
AGROPHOS,54.20289855072464
AGSTRA,54.80769230769232
AHL,51.66666666666667
AHLADA,60.67415730337079
AHLEAST,55.37313432835821
AHLUCONT,78.66287339971551
AIAENG,50.33333333333333
AIRAN,59.63302752293578
AIROLAM,65.61514195583597
AJANTPHARM,53.01764159702879
AJMERA,53.19396051103368
AJOONI,62.95081967213115
AKASH,60.86956521739131
AKG,62.92134831460674
AKI,43.47826086956522
AKSHAR,51.68539325842697
AKSHARCHEM,52.1865889212828
AKSHOPTFBR,56.4531104921077
AKZOINDIA,52.55338904363974
ALANKIT,59.20745920745921
ALBERTDAVD,51.57068062827225
ALEMBICLTD,54.1241890639481
ALICON,58.48837209302326
ALKALI,56.21693121693122
ALKEM,52.463054187192114
ALKYLAMINE,53.05105853051059
ALLCARGO,51.60183066361556
ALMONDZ,54.76804123711341
ALOKINDS,59.03954802259888
ALPA,56.47921760391198
ALPHAGEO,54.33734939759036
AMBER,53.31125827814569
AMBICAAGAR,80.36998972250771
AMBIKCO,56.29722921914357
AMBUJACEM,51.298701298701296
AMDIND,55.19713261648745
AMIORG,53.65853658536586
AMJLAND,55.56586270871985
AMNPLST,62.5
AMRUTANJAN,55.36723163841808
ANANDRATHI,53.15315315315316
ANANTRAJ,53.13953488372093
ANDHRAPAP,57.23359209597741
ANDHRSUGAR,54.63821892393321
ANGELONE,49.41176470588236
ANIKINDS,55.327342747111686
ANMOL,60.58394160583942
ANTGRAPHIC,74.860853432282
ANUP,45.96774193548387
ANURAS,54.10958904109589
APARINDS,54.01234567901234
APCL,47.953216374269005
APCOTEXIND,54.248366013071895
APEX,51.5527950310559
APLAPOLLO,50.0
APLLTD,51.056910569105696
APOLLO,53.135313531353134
APOLLOHOSP,47.26090993500464
APOLLOPIPE,59.06976744186046
APOLLOTYRE,49.90942028985507
APOLSINHOT,56.152125279642064
APTECHT,54.178403755868544
APTUS,49.2063492063492
ARCHIDPLY,59.76714100905562
ARCHIES,58.45004668534081
ARE&M,66.66666666666666
ARENTERP,62.30031948881789
ARIES,52.26130653266332
ARIHANTCAP,50.73529411764706
ARIHANTSUP,53.06122448979592
ARMANFIN,49.47643979057592
AROGRANITE,57.262905162064826
ARROWGREEN,54.02298850574713
ARSHIYA,55.618776671408256
ARSSINFRA,59.104046242774565
ARTEMISMED,50.0
ARTNIRMAN,80.8695652173913
ARVEE,67.11409395973155
ARVIND,52.96846011131725
ARVINDFASN,49.797570850202426
ARVSMART,55.819477434679335
ASAHIINDIA,57.46061167747914
ASAHISONG,53.80875202593193
ASAL,59.74025974025974
ASALCBR,50.99009900990099
ASHAPURMIN,59.6045197740113
ASHIANA,49.20127795527157
ASHIMASYN,62.11699164345404
ASHOKA,53.70650529500757
ASHOKAMET,54.285714285714285
ASHOKLEY,52.50463821892394
ASIANENE,59.45945945945946
ASIANHOTNR,55.43175487465181
ASIANPAINT,51.81058495821726
ASIANTILES,52.8186274509804
ASKAUTOLTD,73.33333333333333
ASMS,56.47321428571429
ASPINWALL,52.617801047120416
ASTEC,53.04964539007092
ASTERDM,53.69127516778524
ASTRAL,47.19235364396654
ASTRAMICRO,51.778242677824274
ASTRAZEN,53.432282003710576
ASTRON,54.90196078431373
ATALREAL,55.21472392638037
ATAM,58.53658536585365
ATFL,53.38904363974002
ATGL,52.27272727272727
ATL,32.142857142857146
ATLANTAA,51.800232288037165
ATLASCYCLE,63.7883008356546
ATUL,48.74651810584958
ATULAUTO,55.11363636363637
AUBANK,52.58358662613982
AURIONPRO,55.29801324503312
AUROPHARMA,51.30742049469965
AURUM,56.39810426540285
AUSOMENT,68.37209302325581
AUTOAXLES,52.875695732838594
AUTOIND,56.6350710900474
AVADHSUGAR,56.74846625766872
AVALON,56.81818181818182
AVANTIFEED,54.285714285714285
AVG,70.6896551724138
AVONMORE,37.93103448275862
AVROIND,67.27272727272727
AVTNPL,56.6193853427896
AWHCL,53.16455696202531
AWL,54.36893203883495
AXISBANK,50.19762845849802
AXISCADES,54.73098330241187
AXITA,67.05882352941175
AYMSYNTEX,50.82742316784869
AZAD,40.0
BAFNAPH,57.34767025089605
BAGFILMS,60.495049504950494
BAIDFIN,48.21428571428572
BAJAJ-AUTO,51.39146567717996
BAJAJCON,51.12107623318386
BAJAJELEC,52.72952853598015
BAJAJFINSV,50.04668534080299
BAJAJHCARE,51.32743362831859
BAJAJHIND,55.1948051948052
BAJAJHLDNG,49.11297852474323
BAJEL,63.63636363636363
BAJFINANCE,50.60352831940576
BALAJITELE,53.896103896103895
BALAMINES,51.25748502994012
BALAXI,67.72616136919315
BALKRISHNA,53.64705882352941
BALKRISIND,50.55928411633109
BALMLAWRIE,53.48189415041783
BALPHARMA,54.59704880817253
BALRAMCHIN,53.61781076066791
BANARBEADS,59.40099833610649
BANARISUG,57.32838589981447
BANCOINDIA,53.003533568904594
BANDHANBNK,49.65986394557823
BANG,56.38432364096081
BANKA,65.43624161073825
BANKBARODA,51.99628597957289
BANKINDIA,50.60352831940576
BANSWRAS,56.59472422062351
BARBEQUE,54.48275862068965
BASF,54.59610027855153
BASML,54.5353982300885
BATAINDIA,47.8180129990715
BAYERCROP,52.42857142857142
BBL,53.57561547479485
BBOX,53.80333951762524
BBTC,54.73098330241187
BBTCL,63.25757575757576
BCLIND,55.033557046979865
BCONCEPTS,58.74587458745874
BDL,51.36054421768708
BEARDSELL,66.66666666666666
BECTORFOOD,50.943396226415096
BEDMUTHA,56.42965204236005
BEL,47.8180129990715
BEML,52.64623955431755
BEPL,54.27350427350427
BERGEPAINT,55.84415584415584
BESTAGRO,34.48275862068966
BFINVEST,55.401234567901234
BFUTILITIE,54.80769230769232
BGRENERGY,55.13784461152882
BHAGCHEM,57.14285714285714
BHAGERIA,54.7979797979798
BHAGYANGR,59.33147632311978
BHANDARI,64.1025641025641
BHARATFORG,52.118644067796616
BHARATGEAR,54.874651810584965
BHARATRAS,54.73098330241187
BHARATWIRE,58.92857142857143
BHARTIARTL,47.07520891364902
BHEL,51.483050847457626
BIGBLOC,52.83018867924528
BIKAJI,41.53846153846154
BIL,54.45269016697589
BINANIIND,69.40298507462687
BIOCON,49.44162436548224
BIOFILCHEM,57.798165137614674
BIRLACABLE,58.68152274837512
BIRLACORPN,50.0
BIRLAMONEY,56.49432534678437
BLAL,52.27272727272727
BLBLIMITED,58.45004668534081
BLISSGVS,56.25
BLKASHYAP,56.708004509582864
BLS,49.47643979057592
BLSE,60.0
BLUECHIP,77.71587743732591
BLUECOAST,80.3497085761865
BLUEDART,53.01764159702879
BLUEJET,47.05882352941176
BLUESTARCO,50.324976787372336
BODALCHEM,55.663430420711975
BOMDYEING,54.02542372881356
BOROLTD,60.0
BORORENEW,53.14685314685315
BOSCHLTD,50.55658627087198
BPCL,51.34180790960452
BPL,57.84586815227484
BRIGADE,53.75939849624061
BRITANNIA,48.55328158080452
BRNL,58.75
BROOKS,58.34683954619124
BSE,52.991452991453
BSHSL,49.65277777777778
BSL,56.029684601113175
BSOFT,53.52504638218923
BTML,51.21951219512195
BURNPUR,62.531328320802
BUTTERFLY,51.74537987679672
BVCL,57.65877957658779
BYKE,57.07154742096506
CALSOFT,61.50278293135436
CAMLINFINE,54.32372505543237
CAMPUS,53.84615384615385
CAMS,44.11764705882353
CANBK,52.28136882129277
CANFINHOME,52.73909006499535
CANTABIL,56.278366111951584
CAPACITE,49.52978056426332
CAPITALSFB,33.33333333333333
CAPLIPOINT,56.158663883089766
CAPTRUST,56.37393767705382
CARBORUNIV,48.05194805194805
CAREERP,57.250755287009056
CARERATING,52.26039783001808
CARTRADE,57.14285714285714
CARYSIL,55.76923076923077
CASTROLIND,62.03358208955224
CCCL,68.8118811881188
CCHHL,63.25167037861915
CCL,50.97236438075742
CDSL,60.12084592145015
CEATLTD,51.82849936948297
CELEBRITY,57.70089285714286
CELLO,64.70588235294117
CENTENKA,49.920634920634924
CENTEXT,65.5844155844156
CENTRALBK,55.51470588235294
CENTRUM,59.38566552901023
CENTUM,55.4679802955665
CENTURYPLY,50.45146726862303
CERA,49.007444168734494
CEREBRAINT,54.54545454545454
CESC,47.8180129990715
CGCL,55.23520485584219
CGPOWER,48.79406307977737
CHALET,47.410358565737056
CHAMBLFERT,51.71773444753946
CHEMBOND,50.93457943925234
CHEMCON,55.294117647058826
CHEMFAB,50.0
CHEMPLASTS,53.96825396825397
CHENNPETRO,54.41039925719592
CHEVIOT,57.647058823529406
CHOICEIN,61.05263157894737
CHOLAFIN,52.92479108635098
CHOLAHLDNG,49.44341372912802
CIEINDIA,53.49693251533743
CIGNITITEC,54.741379310344826
CINELINE,57.24465558194775
CINEVISTA,60.85343228200371
CIPLA,50.03528581510233
CLEAN,58.01526717557252
CLEDUCATE,57.14285714285714
CLSEL,50.0
CMSINFO,47.22222222222222
COALINDIA,48.48024316109423
COASTCORP,56.66666666666666
COCHINSHIP,53.84615384615385
COFORGE,47.461139896373055
COLPAL,53.61781076066791
COMPUSOFT,60.03372681281619
COMSYN,50.0
CONCOR,48.9322191272052
CONCORDBIO,59.25925925925925
CONFIPET,56.88622754491018
CONSOFINVT,53.24675324675325
CONTROLPR,48.29396325459317
CORALFINAC,61.51603498542274
CORDSCABLE,55.68181818181818
COROMANDEL,53.9179104477612
COSMOFIRST,51.031746031746025
COUNCODOS,62.430426716141
CRAFTSMAN,53.42465753424658
CREATIVE,58.71559633027523
CREATIVEYE,64.06685236768801
CREDITACC,47.44525547445255
CREST,53.41981132075472
CRISIL,49.16512059369202
CROMPTON,50.90439276485789
CROWN,77.97101449275362
CSBBANK,42.9245283018868
CSLFINANCE,54.32098765432099
CTE,59.7864768683274
CUB,50.37105751391465
CUBEXTUB,61.20906801007556
CUMMINSIND,49.86072423398329
CUPID,55.13513513513514
CYBERMEDIA,69.4054054054054
CYBERTECH,55.33890436397401
CYIENT,50.63291139240506
CYIENTDLM,48.48484848484848
DABUR,52.831940575673165
DALBHARAT,47.28682170542636
DALMIASUG,53.94614670380688
DAMODARIND,52.63157894736842
DANGEE,67.4074074074074
DATAMATICS,56.98267074413863
DATAPATTNS,44.95412844036697
DAVANGERE,50.0
DBCORP,49.42857142857143
DBL,54.81283422459893
DBOL,48.64864864864865
DBREALTY,54.689754689754686
DBSTOCKBRO,68.12816188870153
DCAL,53.20447609359105
DCBBANK,51.10851808634772
DCI,70.87378640776699
DCM,52.73909006499535
DCMFINSERV,78.33800186741364
DCMNVL,52.60869565217391
DCMSHRIRAM,50.324976787372336
DCMSRIND,51.37614678899083
DCW,55.71030640668524
DCXINDIA,50.0
DECCANCE,62.68656716417911
DEEPAKFERT,52.18926553672316
DEEPAKNTR,49.7737556561086
DEEPINDS,45.77464788732394
DELHIVERY,52.80898876404494
DELPHIFX,54.63258785942492
DELTACORP,53.2258064516129
DELTAMAGNT,67.6252319109462
DEN,55.74468085106383
DENORA,55.06035283194058
DEVIT,64.22018348623854
DEVYANI,51.181102362204726
DGCONTENT,57.692307692307686
DHAMPURSUG,54.22469823584029
DHANBANK,54.76673427991886
DHANI,57.12799167533819
DHANUKA,50.63897763578274
DHARMAJ,48.38709677419355
DHRUV,50.4424778761062
DHUNINV,59.68750000000001
DIACABS,62.29260935143288
DIAMINESQ,63.63636363636363
DIAMONDYD,55.66037735849056
DICIND,53.57474466109564
DIGIDRIVE,75.0
DIGISPICE,55.14138817480719
DIGJAMLMTD,61.05263157894737
DIL,65.24822695035462
DISHTV,54.14165666266506
DIVGIITTS,53.06122448979592
DIVISLAB,51.34357005758158
DIXON,55.625
DJML,54.83870967741935
DLF,50.66828675577156
DLINKINDIA,53.98860398860399
DMART,51.30434782608696
DMCC,47.78761061946903
DNAMEDIA,65.9090909090909
DODLA,55.970149253731336
DOLATALGO,53.53982300884957
DOLLAR,50.0
DOLPHIN,62.51455180442375
DOMS,36.36363636363637
DONEAR,57.59717314487632
DPABHUSHAN,60.0
DPSCLTD,53.63984674329502
DPWIRES,62.77602523659306
DRCSYSTEMS,56.75675675675676
DREAMFOLKS,60.0
DREDGECORP,52.55767301905717
DRREDDY,48.30508474576271
DSSL,63.03258145363409
DTIL,52.99334811529933
DUCON,59.50266429840142
DVL,53.517587939698494
DWARKESH,57.12777191129885
DYCL,61.25000000000001
DYNAMATECH,58.816705336426914
DYNPRO,59.7560975609756
E2E,62.4561403508772
EASEMYTRIP,57.82312925170068
ECLERX,52.75689223057645
EDELWEISS,54.37499999999999
EICHERMOT,50.706214689265536
EIDPARRY,51.66975881261595
EIFFL,51.60349854227405
EIHAHOTELS,55.03184713375797
EIHOTEL,53.56386732533521
EIMCOELECO,55.06035283194058
EKC,54.17130144605117
ELDEHSG,48.93617021276596
ELECON,51.27906976744187
ELECTCAST,53.38904363974002
ELECTHERM,57.475490196078425
ELGIEQUIP,55.15320334261838
ELGIRUBCO,57.769423558897245
ELIN,57.6271186440678
EMAMILTD,51.728110599078335
EMAMIPAP,53.01724137931034
EMIL,50.72463768115942
EMKAY,52.60770975056689
EMMBI,56.27705627705628
EMSLIMITED,47.82608695652174
EMUDHRA,61.36363636363637
ENDURANCE,47.12328767123288
ENERGYDEV,54.83870967741935
ENGINERSIN,56.47590361445784
ENIL,53.42312008978676
ENTERO,33.33333333333333
EPACK,33.33333333333333
EPIGRAL,48.0
EPL,52.78293135435993
EQUIPPP,71.13772455089821
EQUITASBNK,53.6144578313253
ERIS,53.17220543806647
ESABINDIA,54.038997214484674
ESAFSFB,50.0
ESCORTS,52.33050847457628
ESSARSHPNG,60.0328947368421
ESSENTIA,79.23076923076923
ESTER,54.70494417862839
ETHOSLTD,51.13636363636363
EUROTEXIND,62.55835667600373
EVEREADY,55.1948051948052
EVERESTIND,51.298701298701296
EXCEL,62.96809986130375
EXCELINDUS,58.16326530612245
EXCELINDUS,58.16326530612245
EXCELINDUS,58.16326530612245
EXIDEIND,49.44341372912802
EXPLEOSOL,65.30324400564174
EXXARO,59.84251968503938
FACT,59.51717734447539
FAIRCHEMOR,49.685534591194966
FAZE3Q,61.53846153846154
FCL,57.743362831858406
FCSSOFT,71.2403951701427
FDC,52.50463821892394
FEDERALBNK,51.799576570218775
FEDFINA,50.0
FEL,54.26716141001855
FELDVR,54.0
FIBERWEB,56.86274509803921
FIEMIND,52.85880980163361
FILATEX,57.69854132901134
FINCABLES,52.04081632653062
FINEORG,53.38078291814946
FINOPB,46.95652173913044
FINPIPE,53.66759517177344
FIVESTAR,45.3125
FLAIR,46.15384615384615
FLEXITUFF,52.700490998363335
FLFL,53.398058252427184
FLUOROCHEM,45.87155963302752
FMGOETZE,54.59610027855153
FMNL,59.23076923076923
FOCUS,68.19571865443424
FOODSIN,47.82608695652174
FORCEMOT,51.37614678899083
FORTIS,53.309265944645
FOSECOIND,50.41782729805014
FSL,58.73959571938169
FUSION,60.0
GABRIEL,53.54077253218884
GAEL,54.17439703153989
GAIL,53.21983715766099
GALAXYSURF,54.0
GALLANTT,55.70621468926553
GANDHAR,57.14285714285714
GANDHITUBE,52.25118483412322
GANECOS,53.25842696629214
GANESHBE,52.84552845528455
GANESHHOUC,51.90476190476191
GANGAFORGE,62.093862815884485
GANGESSECU,51.681957186544345
GARFIBRES,61.66044776119403
GATECH,66.66666666666666
GATECHDVR,45.16129032258064
GATEWAY,52.57731958762887
GAYAPROJ,59.385113268608414
GEECEE,55.58139534883721
GEEKAYWIRE,65.3250773993808
GENCON,56.95364238410596
GENESYS,54.86641221374045
GENSOL,58.82352941176471
GENUSPAPER,59.73154362416108
GENUSPOWER,53.528773072747015
GEOJITFSL,54.77223427331887
GEPIL,51.62488393686166
GESHIP,49.721706864564005
GFLLIMITED,55.009276437847866
GHCL,53.88418079096046
GHCLTEXTIL,43.24324324324324
GICHSGFIN,53.41269841269841
GICRE,51.11111111111111
GILLANDERS,56.47226173541963
GILLETTE,52.831940575673165
GINNIFILA,60.204081632653065
GIPCL,53.57474466109564
GKWLIMITED,58.070500927643785
GLAND,56.44171779141104
GLAXO,53.48189415041783
GLENMARK,51.94805194805194
GLFL,72.51624883936861
GLOBAL,60.57971014492753
GLOBALVECT,57.526254375729295
GLOBE,79.56989247311827
GLOBUSSPR,51.472650771388494
GLS,52.34375
GMBREW,55.38033395176253
GMDCLTD,51.02040816326531
GMMPFAUDLR,46.8013468013468
GMRAIRPORT,50.57736720554272
GMRP&UI,44.329896907216494
GNA,48.91304347826087
GNFC,52.92479108635098
GOACARBON,54.17170495767836
GOCLCORP,57.01863354037268
GOCOLORS,51.32743362831859
GODFRYPHLP,53.21683876092137
GODHA,65.73426573426573
GODREJAGRO,51.89873417721519
GODREJCP,49.35064935064935
GODREJIND,51.48423005565863
GODREJPROP,47.14285714285714
GOKEX,56.9280343716434
GOKUL,53.024453024453024
GOKULAGRO,51.13924050632911
GOLDENTOBC,61.09563602599815
GOLDIAM,53.39168490153173
GOLDTECH,59.33147632311978
GOODLUCK,52.83018867924528
GOYALALUM,60.60606060606061
GPIL,51.92743764172335
GPPL,53.9039039039039
GPTHEALTH,100.0
GPTINFRA,48.02110817941953
GRANULES,50.21645021645021
GRAPHITE,53.06122448979592
GRASIM,49.48932219127205
GRAVITA,54.94672754946728
GREAVESCOT,56.90298507462687
GREENLAM,50.22421524663677
GREENPANEL,47.92626728110599
GREENPLY,56.63881151346333
GREENPOWER,62.2356495468278
GRINDWELL,51.33256083429896
GRINFRA,55.72519083969466
GRMOVER,56.75675675675676
GROBTEA,57.407407407407405
GRPLTD,50.66964285714286
GRSE,49.24812030075188
GRWRHITECH,42.30769230769231
GSFC,52.61299435028248
GSLSU,68.08510638297872
GSPL,49.94388327721661
GSS,57.54119138149556
GTECJAINX,43.47826086956522
GTL,58.21727019498607
GTLINFRA,61.43790849673203
GTPL,56.060606060606055
GUFICBIO,54.90605427974948
GUJALKALI,51.74603174603176
GUJAPOLLO,54.65538089480049
GUJGASLTD,47.368421052631575
GUJRAFFIA,56.92307692307692
GULFOILLUB,51.68776371308017
GULFPETRO,58.6888657648283
GULPOLY,55.77777777777778
GVKPIL,58.53932584269664
GVPTECH,79.13043478260869
GVT&D,66.7910447761194
HAL,43.53741496598639
HAPPSTMNDS,54.65116279069767
HAPPYFORGE,50.0
HARDWYN,56.38297872340425
HARIOMPIPE,50.0
HARRMALAYA,54.874651810584965
HARSHA,50.0
HATHWAY,57.57575757575758
HATSUN,54.69728601252609
HAVELLS,52.13358070500927
HAVISHA,67.12328767123287
HBSL,62.152133580705005
HCC,53.63443895553988
HCG,50.0
HCL-INSYS,65.54621848739495
HCLTECH,51.11940298507462
HDFCAMC,47.82608695652174
HDFCBANK,49.7529992942837
HDFCLIFE,47.756410256410255
HDIL,55.1219512195122
HEADSUP,54.46927374301676
HECPROJECT,77.61627906976744
HEG,52.831940575673165
HEIDELBERG,53.10734463276836
HEMIPROP,50.898203592814376
HERANBA,58.38926174496645
HERCULES,54.9936788874842
HERITGFOOD,52.73909006499535
HEROMOTOCO,48.653667595171775
HESTERBIO,55.63063063063063
HEUBACHIND,52.96846011131725
HEXATRADEX,53.07167235494881
HFCL,55.92903828197946
HGINFRA,51.68918918918919
HGS,51.91409897292251
HIKAL,56.029684601113175
HIL,55.610444601270295
HILTON,55.97104945717732
HIMATSEIDE,53.2033426183844
HINDALCO,50.67043048694425
HINDCOMPOS,58.90538033395176
HINDCON,62.16216216216216
HINDCOPPER,55.42857142857143
HINDMOTORS,62.18487394957983
HINDNATGLS,61.54891304347826
HINDOILEXP,54.59039548022599
HINDPETRO,53.17796610169492
HINDUNILVR,48.270995059985886
HINDWAREAP,50.717703349282296
HINDZINC,58.2089552238806
HIRECT,56.95754716981132
HISARMETAL,52.394366197183096
HITECH,50.88161209068011
HITECHCORP,57.07133917396746
HITECHGEAR,53.779069767441854
HLEGLAS,56.29139072847682
HLVLTD,56.30797773654916
HMAAGRO,66.66666666666666
HMT,57.28876508820798
HMVL,56.16641901931649
HNDFDS,54.83870967741935
HOMEFIRST,45.751633986928105
HONASA,70.58823529411765
HONAUT,51.76252319109462
HONDAPOWER,53.38904363974002
HOVS,56.74418604651162
HPAL,55.04587155963303
HPIL,65.84158415841584
HPL,55.3133514986376
HSCL,53.333333333333336
HTMEDIA,54.3263964950712
HUBTOWN,55.63463819691577
HUDCO,56.676557863501486
HUHTAMAKI,55.84415584415584
HYBRIDFIN,51.61290322580645
ICDSLTD,63.1578947368421
ICEMAKE,53.57142857142857
ICICIBANK,53.1104921077066
ICICIGI,48.90282131661442
ICICIPRULI,52.71739130434783
ICIL,53.17982456140351
ICRA,51.199040767386094
IDBI,53.422724064925895
IDEA,54.350417163289634
IDEAFORGE,60.60606060606061
IDFCFIRSTB,56.79611650485437
IEL,67.79661016949152
IEX,47.61904761904761
IFBAGRO,55.06035283194058
IFBIND,52.50463821892394
IFCI,61.00278551532033
IFGLEXPOR,51.503006012024045
IGARASHI,55.10204081632652
IGL,51.8
IGPL,53.55450236966824
IIFL,51.56081808396125
IITL,63.67713004484305
IKIO,58.333333333333336
IL&FSENGG,58.11648079306072
IL&FSTRANS,59.79680696661829
IMAGICAA,53.51473922902494
IMFA,53.49182763744428
IMPAL,51.04510451045105
IMPEXFERRO,62.990455991516434
INCREDIBLE,52.63157894736842
INDBANK,63.026315789473685
INDHOTEL,51.76252319109462
INDIACEM,52.8954802259887
INDIAGLYCO,58.30223880597016
INDIAMART,50.43103448275862
INDIANB,48.80952380952381
INDIANCARD,55.47309833024119
INDIANHUME,55.287569573283854
INDIASHLTR,45.45454545454545
INDIGO,48.41849148418492
INDIGOPNTS,52.94117647058824
INDNIPPON,52.875695732838594
INDOAMIN,57.60869565217392
INDOBORAX,58.333333333333336
INDOCO,51.42857142857142
INDORAMA,56.209150326797385
INDOSTAR,58.88501742160279
INDOTECH,54.11499436302142
INDOTHAI,50.24630541871922
INDOWIND,56.33456334563346
INDRAMEDCO,54.86265775798069
INDSWFTLAB,56.63881151346333
INDSWFTLTD,54.07098121085595
INDTERRAIN,52.73010920436817
INDUSINDBK,50.37105751391465
INDUSTOWER,52.53623188405797
INFIBEAM,56.37755102040817
INFOBEAN,59.14634146341463
INFOMEDIA,68.05942432683379
INFY,51.94071983062809
INGERRAND,52.36768802228412
INNOVACAP,50.0
INNOVANA,61.68831168831169
INOXGREEN,46.875
INOXINDIA,54.54545454545454
INOXWIND,54.6485260770975
INSECTICID,49.39613526570048
INSPIRISYS,55.140186915887845
INTELLECT,53.84615384615385
INTENTECH,53.779069767441854
INTLCONV,55.28455284552846
INVENTURE,61.83574879227053
IOB,53.1104921077066
IOC,51.24910778015703
IOLCP,54.25531914893617
IONEXCHANG,54.45544554455446
IPCALAB,49.293785310734464
IPL,54.13533834586466
IRB,52.78481012658228
IRCON,53.53159851301115
IRCTC,50.2283105022831
IREDA,57.14285714285714
IRFC,50.64935064935064
IRIS,49.137931034482754
IRISDOREME,58.01526717557252
IRMENERGY,61.11111111111112
ISEC,49.829351535836174
ISFT,54.29403202328966
ISGEC,48.93617021276596
ITC,52.54237288135594
ITDC,58.87323943661972
ITDCEM,54.22469823584029
ITI,59.42432683379758
IVC,57.5139146567718
IVP,55.524605385329615
IWEL,45.588235294117645
IZMO,56.10913404507711
J&KBANK,58.45004668534081
JAGRAN,50.89887640449439
JAGSNPHARM,57.05009276437848
JAIBALAJI,55.78842315369261
JAICORPLTD,54.26716141001855
JAIPURKURT,55.27638190954774
JAMNAAUTO,55.5895865237366
JASH,53.79746835443038
JAYAGROGN,53.896103896103895
JAYBARMARU,55.84415584415584
JAYNECOIND,58.25602968460112
JAYSREETEA,56.63881151346333
JBCHEPHARM,52.27483751160631
JBMA,54.7945205479452
JCHAC,52.85714285714286
JETFREIGHT,73.33333333333333
JHS,58.343057176196034
JINDALPHOT,54.389721627409
JINDALPOLY,53.48189415041783
JINDALSAW,52.36768802228412
JINDALSTEL,52.16680294358136
JINDRILL,55.56711758584808
JINDWORLD,53.58778625954198
JIOFIN,57.692307692307686
JISLDVREQS,54.04958677685951
JISLJALEQS,53.950953678474114
JITFINFRA,53.735632183908045
JKCEMENT,50.62006764374295
JKIL,50.505050505050505
JKLAKSHMI,51.771428571428565
JKPAPER,52.922077922077925
JKTYRE,51.434426229508205
JLHL,34.78260869565217
JMA,51.35135135135135
JMFINANCIL,55.529685681024446
JOCIL,54.736842105263165
JPOLYINVST,57.56385068762279
JPPOWER,57.9849946409432
JSFB,100.0
JSL,53.87673956262425
JSWENERGY,51.71428571428572
JSWHL,51.08225108225109
JSWINFRA,66.66666666666666
JSWSTEEL,49.37076476282672
JTEKTINDIA,54.80961923847696
JTLIND,44.95412844036697
JUBLFOOD,46.18705035971223
JUBLINGREA,56.4625850340136
JUBLPHARMA,50.742115027829314
JUNIPER,100.0
JUSTDIAL,54.99058380414312
JWL,56.58093797276853
JYOTHYLAB,48.81101376720901
JYOTICNC,14.285714285714285
JYOTISTRUC,58.99788285109386
KABRAEXTRU,53.432282003710576
KAJARIACER,47.63231197771588
KAKATCEM,54.59610027855153
KALAMANDIR,59.09090909090909
KALYANIFRG,59.44931163954944
KALYANKJIL,49.31506849315068
KAMATHOTEL,54.874651810584965
KAMDHENU,55.11363636363637
KAMOPAINTS,43.63636363636363
KANANIIND,56.38474295190713
KANORICHEM,55.56586270871985
KANPRPLA,52.86624203821656
KANSAINER,51.62488393686166
KAPSTON,59.79381443298969
KARMAENG,57.66773162939297
KARURVYSYA,51.8361581920904
KAUSHALYA,65.875
KAVVERITEL,57.43073047858942
KAYA,57.68321513002365
KAYNES,45.3125
KBCGLOBAL,57.82312925170068
KCP,54.22469823584029
KCPSUGIND,56.91736304549675
KDDL,47.82608695652174
KEC,50.700280112044815
KECL,55.92485549132948
KEEPLEARN,63.6986301369863
KEI,52.25733634311512
KELLTONTEC,53.78787878787878
KERNEX,51.72413793103448
KESORAMIND,54.12844036697248
KEYFINSERV,72.70194986072424
KFINTECH,54.23728813559322
KHADIM,60.89743589743589
KHAICHEM,56.024096385542165
KHAITANLTD,70.47353760445682
KHANDSE,64.43825441039925
KICL,56.86015831134564
KILITCH,55.203619909502265
KIMS,47.01492537313433
KINGFA,58.285714285714285
KIOCL,55.27777777777778
KIRIINDUS,56.5772669220945
KIRLOSBROS,51.696832579185525
KIRLOSENG,49.95331465919701
KIRLOSIND,50.927643784786646
KIRLPNU,53.48837209302325
KITEX,54.15929203539823
KKCL,51.24434389140271
KMSUGAR,66.16541353383458
KNRCON,53.60303413400759
KOHINOOR,60.44568245125348
KOKUYOCMLN,54.8051948051948
KOLTEPATIL,55.375
KOPRAN,55.98885793871866
KOTAKBANK,51.681415929203546
KOTARISUG,59.78947368421053
KOTHARIPET,59.92578849721707
KOTHARIPRO,53.2033426183844
KPIGREEN,56.15384615384615
KPIL,54.83870967741935
KPITTECH,53.71900826446281
KPRMILL,47.607361963190186
KRBL,54.45454545454545
KREBSBIO,56.59340659340659
KRIDHANINF,59.7051597051597
KRISHANA,62.2478386167147
KRITI,81.9078947368421
KRITIKA,74.33962264150942
KRITINUT,48.57142857142857
KRSNAA,48.81889763779528
KSB,51.99628597957289
KSCL,48.641975308641975
KSHITIJPOL,61.18421052631579
KSL,52.63852242744064
KSOLVES,57.30337078651685
KTKBANK,50.54667788057191
KUANTUM,50.69124423963134
LAGNAM,63.43283582089553
LAL,62.22222222222222
LALPATHLAB,47.783251231527096
LAMBODHARA,60.57906458797328
LANDMARK,53.333333333333336
LAOPALA,55.011933174224346
LASA,56.112852664576806
LATENTVIEW,51.75438596491229
LATTEYS,73.75886524822694
LAURUSLABS,52.94117647058824
LAXMICOT,76.14678899082568
LCCINFOTEC,72.330547818013
LEMONTREE,52.90102389078498
LEXUS,65.94427244582043
LFIC,68.19526627218934
LGBBROSLTD,52.130325814536334
LGHL,73.82198952879581
LIBAS,57.68115942028985
LIBERTSHOE,54.96750232126277
LICHSGFIN,48.74651810584958
LICI,57.77777777777777
LIKHITHA,51.19047619047619
LINC,52.13483146067416
LINCOLN,50.0
LINDEINDIA,50.800336983993255
LLOYDSENGG,40.0
LLOYDSME,43.75
LMW,51.66975881261595
LODHA,38.46153846153847
LOKESHMACH,56.98070374574348
LORDSCHLO,52.0
LOTUSEYE,57.12435233160622
LOVABLE,53.05164319248826
LOYALTEX,51.28205128205128
LPDC,60.495436766623214
LT,48.97959183673469
LTF,51.53473344103393
LTFOODS,58.82352941176471
LTIM,53.315649867374006
LTTS,46.88346883468834
LUMAXIND,53.29619312906221
LUMAXTECH,50.23640661938534
LUPIN,52.32142857142858
LUXIND,52.07823960880196
LXCHEM,49.31506849315068
LYKALABS,59.98588567395908
LYPSAGEMS,57.647058823529406
M&M,52.22300635144672
M&MFIN,51.29650507328072
MAANALU,56.554712892741065
MACPOWER,60.8843537414966
MADHAV,57.69712140175219
MADHUCON,58.323632130384176
MADRASFERT,57.381615598885794
MAGADSUGAR,47.09480122324159
MAGNUM,60.09852216748769
MAHABANK,55.93908629441624
MAHAPEXLTD,55.972696245733786
MAHASTEEL,52.89473684210526
MAHEPC,51.741293532338304
MAHESHWARI,54.78260869565217
MAHLIFE,51.0677808727948
MAHLOG,52.07667731629393
MAHSCOOTER,52.089136490250695
MAHSEAMLES,49.721706864564005
MAITHANALL,53.44
MALLCOM,50.96153846153846
MALUPAPER,58.4841628959276
MANAKALUCO,59.50226244343892
MANAKCOAT,56.56108597285068
MANAKSIA,53.575909661229616
MANAKSTEEL,54.97737556561086
MANALIPETC,55.93692022263451
MANAPPURAM,51.62721893491125
MANGALAM,59.05172413793104
MANGCHEFER,55.1980198019802
MANGLMCEM,52.36768802228412
MANINDS,54.929577464788736
MANINFRA,51.230101302460206
MANKIND,52.38095238095239
MANOMAY,55.35714285714286
MANORAMA,55.42168674698795
MANORG,54.310344827586206
MANUGRAPH,57.65661252900232
MANYAVAR,51.9607843137255
MAPMYINDIA,49.09090909090909
MARALOVER,56.73166202414113
MARATHON,59.78260869565217
MARICO,52.0
MARINE,59.62264150943396
MARKSANS,54.79069767441861
MARSHALL,62.825278810408925
MARUTI,48.19512195121951
MASFIN,54.11392405063291
MASKINVEST,74.31693989071039
MASTEK,51.298701298701296
MATRIMONY,56.112852664576806
MAWANASUG,54.93910690121786
MAXESTATES,58.82352941176471
MAXHEALTH,48.86363636363637
MAXIND,53.71428571428572
MAYURUNIQ,53.09734513274337
MAZDA,52.19780219780221
MAZDOCK,42.01183431952663
MBAPL,64.05405405405405
MBECL,57.62514551804424
MBLINFRA,58.22603719599427
MCL,54.492753623188406
MCLEODRUSS,53.03454715219421
MCX,53.04054054054054
MEDANTA,43.07692307692308
MEDIASSIST,16.666666666666664
MEDICAMEQ,57.26495726495726
MEDICO,59.55056179775281
MEDPLUS,51.37614678899083
MEGASOFT,57.12545676004872
MEGASTAR,52.94117647058824
MENONBE,52.13483146067416
METROBRAND,52.72727272727272
METROPOLIS,52.47933884297521
MFSL,51.271186440677965
MGEL,60.66350710900474
MGL,47.10526315789474
MHLXMIRU,61.90476190476191
MHRIL,50.89903181189488
MICEL,64.25120772946859
MIDHANI,49.14675767918089
MINDACORP,57.1912013536379
MINDTECK,52.92553191489362
MIRCELECTR,58.44155844155844
MIRZAINT,57.69944341372912
MITCON,73.91304347826086
MITTAL,64.60481099656357
MKPL,79.51070336391437
MMFL,49.94110718492344
MMP,59.310344827586206
MMTC,57.85714285714286
MODIRUBBER,63.12056737588653
MODISONLTD,52.11267605633802
MODTHREAD,33.33333333333333
MOHITIND,56.00739371534196
MOIL,54.05819295558959
MOL,71.65354330708661
MOLDTECH,54.35356200527705
MOLDTKPAC,46.30872483221477
MONARCH,57.00934579439252
MONTECARLO,45.27472527472528
MORARJEE,61.471321695760594
MOREPENLAB,63.206214689265536
MOTHERSON,55.84415584415584
MOTILALOFS,49.32349323493235
MOTISONS,50.0
MOTOGENFIN,63.34883720930232
MPHASIS,52.36768802228412
MPSLTD,53.01764159702879
MRF,50.974930362116986
MRO-TEK,66.66666666666666
MRPL,57.485875706214685
MSPL,55.76086956521738
MSTCLTD,51.63934426229508
MSUMI,48.45360824742268
MTARTECH,47.97297297297297
MTNL,56.951305575158784
MUFIN,52.94117647058824
MUFTI,70.0
MUKANDLTD,55.93692022263451
MUKTAARTS,54.41039925719592
MUNJALAU,52.50737463126843
MUNJALSHOW,52.55338904363974
MURUDCERA,59.100204498977504
MUTHOOTCAP,51.4218009478673
MUTHOOTFIN,47.55134281200632
MUTHOOTMF,66.66666666666666
MVGJL,47.61904761904761
NACLIND,52.33918128654971
NAGAFERT,66.85340802987861
NAGREEKCAP,63.91982182628062
NAGREEKEXP,58.01781737193764
NAHARCAP,55.0761421319797
NAHARINDUS,53.61512791991101
NAHARPOLY,58.070500927643785
NAHARSPING,51.76252319109462
NAM-INDIA,53.99361022364217
NARMADA,74.74048442906575
NATCOPHARM,53.14043754410727
NATHBIOGEN,51.30260521042084
NATIONALUM,49.9597747385358
NAUKRI,47.010550996483005
NAVA,54.50324976787372
NAVINFLUOR,50.5441354292624
NAVKARCORP,55.60859188544153
NAVNETEDUL,52.22634508348795
NAZARA,51.36986301369864
NBCC,53.83304940374786
NBIFIN,46.239554317548745
NCC,51.49253731343284
NCLIND,54.61077844311377
NDGL,55.376344086021504
NDL,59.08584169453734
NDLVENTURE,46.774193548387096
NDRAUTO,45.81005586592179
NDTV,52.19611848825332
NECCLTD,57.32323232323232
NECLIFE,58.47826086956521
NELCAST,54.73300970873787
NELCO,56.824512534818936
NEOGEN,51.24999999999999
NESCO,51.21019108280255
NESTLEIND,65.57835820895522
NETWEB,46.66666666666666
NETWORK18,61.940298507462686
NEULANDLAB,51.64690382081687
NEWGEN,47.35099337748344
NEXTMEDIA,58.77437325905292
NFL,54.59905660377359
NGIL,53.96825396825397
NGLFINE,47.5609756097561
NH,48.51485148514851
NHPC,52.93296089385476
NIACL,53.84615384615385
NIBL,54.93482309124767
NIITLTD,55.52536231884058
NIITMTS,57.14285714285714
NILAINFRA,59.77011494252874
NILASPACES,60.70038910505836
NILKAMAL,55.3968253968254
NINSYS,49.01960784313725
NIPPOBATRY,55.2460538532962
NIRAJ,54.70588235294118
NITCO,55.2423900789177
NITINSPIN,55.09518477043673
NITIRAJ,71.01449275362319
NKIND,61.73469387755102
NLCINDIA,50.4258943781942
NMDC,48.542458808618505
NOCIL,56.54596100278552
NOIDATOLL,59.33649289099526
NORBTEAEXP,67.31662024141133
NOVAAGRI,40.0
NRAIL,53.93586005830904
NRBBEARING,51.855287569573285
NRL,57.00934579439252
NSIL,55.47309833024119
NSLNISP,50.0
NTPC,48.37696335078534
NUCLEUS,52.516619183285854
NURECA,59.333333333333336
NUVAMA,47.61904761904761
NUVOCO,53.17460317460318
NYKAA,53.91304347826087
OAL,58.24742268041238
OBCL,63.1578947368421
OBEROIRLTY,49.696969696969695
OCCL,52.618453865336654
OFSS,49.16512059369202
OIL,50.210378681626935
OILCOUNTUB,57.66016713091921
OLECTRA,57.47446610956361
OMAXAUTO,56.66347075743049
OMAXE,52.56723716381418
OMINFRAL,56.9377990430622
ONELIFECAP,60.720130932896886
ONEPOINT,53.59477124183007
ONGC,49.43502824858757
ONMOBILE,53.09734513274337
ONWARDTEC,54.59610027855153
OPTIEMUS,58.15384615384615
ORBTEXP,52.94117647058824
ORCHPHARMA,55.80315691736305
ORICONENT,57.27699530516433
ORIENTALTL,59.833134684147794
ORIENTBELL,52.01900237529691
ORIENTCEM,48.38095238095238
ORIENTCER,73.33333333333333
ORIENTELEC,48.95833333333333
ORIENTHOT,53.48189415041783
ORIENTLTD,62.33766233766234
ORIENTPPR,53.80333951762524
ORISSAMINE,55.5052790346908
OSIAHYPER,74.27385892116183
OSWALAGRO,59.040590405904055
OSWALGREEN,55.71030640668524
OSWALSEEDS,61.07142857142858
PAGEIND,50.83532219570406
PAISALO,53.507565337001374
PAKKA,42.42424242424242
PALASHSECU,54.74006116207951
PALREDTEC,57.18623481781376
PANACEABIO,56.58627087198516
PANACHE,63.12684365781711
PANAMAPET,56.7699836867863
PANSARI,71.80232558139535
PAR,60.337552742616026
PARACABLES,58.67768595041323
PARADEEP,47.72727272727273
PARAGMILK,55.69948186528497
PARAS,58.67768595041323
PARASPETRO,85.3544776119403
PARKHOTELS,25.0
PARSVNATH,54.460093896713616
PASUPTAC,54.6218487394958
PATANJALI,56.91736304549675
PATELENG,52.34042553191489
PATINTLOG,57.66331658291457
PAVNAIND,67.12328767123287
PAYTM,44.73684210526316
PCBL,54.68895078922934
PCJEWELLER,49.90958408679928
PDMJEPAPER,56.74300254452926
PDSL,54.64362850971922
PEARLPOLY,58.99814471243042
PEL,49.47071277346507
PENIND,56.94656488549619
PENINLAND,55.009276437847866
PERSISTENT,50.145348837209305
PETRONET,53.596757852077005
PFC,50.29726516052319
PFIZER,53.1104921077066
PFOCUS,55.37757437070938
PFS,55.01567398119123
PGEL,57.00325732899023
PGHH,51.30597014925373
PGHL,55.43175487465181
PGIL,55.93824228028503
PHOENIXLTD,49.81992797118848
PIDILITIND,51.53203342618384
PIGL,70.83333333333334
PIIND,48.2484076433121
PILANIINVS,55.57377049180327
PILITA,61.1577964519141
PIONEEREMB,57.22411831626849
PITTIENG,55.753262158956105
PIXTRANS,47.82608695652174
PKTEA,64.94082840236686
PLASTIBLEN,54.36320754716981
PNB,47.95918367346938
PNBGILTS,55.93692022263451
PNBHOUSING,55.64738292011019
PNC,57.66016713091921
PNCINFRA,48.15668202764977
POCL,81.1178247734139
PODDARMENT,52.07756232686981
POKARNA,53.29815303430079
POLICYBZR,51.30434782608696
POLYCAB,49.17355371900827
POLYMED,47.93388429752066
POLYPLEX,53.2033426183844
PONNIERODE,54.68895078922934
POONAWALLA,51.16988809766022
POWERGRID,47.901234567901234
POWERINDIA,45.91836734693878
POWERMECH,51.06888361045131
PPAP,54.02010050251256
PPL,49.57264957264957
PPLPHARMA,50.72463768115942
PRAENG,57.497048406139314
PRAJIND,53.2033426183844
PRAKASH,55.33890436397401
PRAKASHSTL,66.01796407185628
PRAXIS,58.13953488372093
PRECAM,56.64160401002506
PRECOT,55.40983606557377
PRECWIRE,51.99628597957289
PREMEXPLN,56.282722513089
PREMIERPOL,68.94736842105263
PRESTIGE,53.86949924127465
PRICOLLTD,53.15398886827458
PRIMESECU,55.009276437847866
PRINCEPIPE,52.88461538461539
PRITI,71.42857142857143
PRITIKAUTO,65.625
PRIVISCL,45.08009153318078
PROZONER,58.12720848056537
PRSMJOHNSN,54.50324976787372
PRUDENT,52.80898876404494
PRUDMOULI,70.0
PSB,57.75729646697389
PSPPROJECT,50.44776119402985
PTC,50.0507614213198
PTCIL,43.24324324324324
PTL,55.21327014218009
PUNJABCHEM,53.32480818414322
PURVA,52.88343558282208
PVP,60.727013542409125
PVRINOX,48.38709677419355
PYRAMID,38.46153846153847
QUESS,53.29815303430079
QUICKHEAL,50.0
RACE,64.28571428571429
RADAAN,68.55225311601151
RADHIKAJWE,39.50617283950617
RADIANTCMS,44.82758620689656
RADICO,51.45914396887159
RADIOCITY,58.84057971014492
RAILTEL,46.66666666666666
RAIN,65.76492537313433
RAINBOW,53.84615384615385
RAJESHEXPO,51.855287569573285
RAJMET,64.66165413533834
RAJRATAN,55.02645502645503
RAJRILTD,67.65053128689492
RAJSREESUG,55.98885793871866
RAJTV,54.17661097852029
RALLIS,50.51067780872794
RAMANEWS,60.3896103896104
RAMAPHO,52.56410256410257
RAMASTEEL,50.0
RAMCOCEM,51.11317254174397
RAMCOIND,54.63821892393321
RAMCOSYS,56.95611577964519
RAMKY,52.41691842900303
RAMRAT,46.83544303797469
RANASUG,61.06382978723405
RANEENGINE,57.88113695090439
RANEHOLDIN,52.22634508348795
RATEGAIN,48.18181818181818
RATNAMANI,49.31818181818181
RATNAVEER,45.83333333333333
RAYMOND,52.33050847457628
RBA,56.25
RBL,57.769423558897245
RBLBANK,49.73118279569893
RBZJEWEL,40.0
RCF,55.43175487465181
RECLTD,50.63451776649747
REDINGTON,51.9002375296912
REDTAPE,48.14814814814815
REFEX,56.10795454545454
REGENCERAM,67.81076066790352
RELAXO,51.67464114832536
RELCHEMQ,52.80898876404494
RELIABLE,77.84810126582279
RELIANCE,47.175141242937855
RELIGARE,52.55292652552927
RELINFRA,51.44671841919548
REMSONSIND,68.18181818181817
RENUKA,56.24309392265193
REPCOHOME,53.14814814814815
REPL,58.12274368231047
REPRO,55.26590198123045
RESPONIND,53.566009104704094
RGL,53.625
RHFL,62.695924764890286
RHIM,52.19594594594594
RHL,46.51162790697674
RICOAUTO,55.15320334261838
RIIL,52.82485875706215
RISHABH,66.66666666666666
RITCO,53.191489361702125
RITES,46.619217081850536
RKDL,60.82949308755761
RKEC,57.41324921135647
RKFORGE,53.61875637104995
RML,53.17286652078774
ROHLTD,51.00896860986547
ROLEXRINGS,50.0
ROLLT,57.340720221606645
ROLTA,56.4531104921077
ROML,65.22948539638386
ROSSARI,47.77777777777778
ROSSELLIND,57.34513274336284
ROTO,60.215053763440864
ROUTE,57.55813953488372
RPGLIFE,55.08870214752568
RPOWER,53.661616161616166
RPPINFRA,56.11620795107034
RPPL,62.546816479400746
RPSGVENT,55.33596837944664
RPTECH,66.66666666666666
RRKABEL,50.0
RSSOFTWARE,55.06035283194058
RSWM,55.43175487465181
RSYSTEMS,52.94784580498866
RTNINDIA,56.64335664335665
RTNPOWER,65.30324400564174
RUBYMILLS,54.50324976787372
RUCHINFRA,58.37231057062675
RUCHIRA,56.77267373380448
RUPA,57.85123966942148
RUSHIL,58.24
RUSTOMJEE,51.5625
RVHL,54.71698113207547
RVNL,58.8477366255144
S&SPOWER,58.46153846153847
SABEVENTS,71.08108108108108
SABTNL,57.7922077922078
SADBHAV,53.76827896512936
SADBHIN,57.41626794258373
SADHNANIQ,69.04761904761905
SAFARI,50.22421524663677
SAGARDEEP,55.62310030395137
SAGCEM,55.45023696682464
SAH,36.84210526315789
SAHYADRI,50.0
SAIL,52.43472124206069
SAKAR,55.072463768115945
SAKHTISUG,57.381615598885794
SAKSOFT,57.74193548387097
SAKUMA,54.95495495495496
SALASAR,48.92966360856269
SALONA,67.31343283582089
SALSTEEL,60.33578174186779
SALZERELEC,49.87775061124695
SAMBHAAV,66.23376623376623
SAMHI,65.21739130434783
SAMMAANCAP,52.86259541984733
SAMPANN,58.39160839160839
SANCO,61.02941176470589
SANDESH,57.84586815227484
SANDHAR,52.38095238095239
SANDUMA,60.0
SANGAMIND,54.45269016697589
SANGHIIND,56.40732265446224
SANGHVIMOV,53.55450236966824
SANGINITA,58.84057971014492
SANOFI,50.60352831940576
SANSERA,48.36065573770492
SANWARIA,61.738148984198645
SAPPHIRE,47.368421052631575
SARDAEN,52.55681818181818
SAREGAMA,55.43175487465181
SARLAPOLY,59.05325443786982
SARVESHWAR,62.37288135593221
SASKEN,49.890350877192986
SASTASUNDR,55.4380664652568
SATIA,51.73913043478261
SATIN,55.10688836104512
SATINDLTD,54.6875
SAURASHCEM,100.0
SBC,57.89473684210527
SBCL,52.23880597014925
SBFC,66.66666666666666
SBGLP,49.0566037735849
SBICARD,50.505050505050505
SBILIFE,53.14465408805032
SBIN,51.23500352858152
SCHAEFFLER,48.18941504178273
SCHAND,58.28402366863905
SCHNEIDER,57.11864406779661
SCI,52.73909006499535
SCPL,45.3125
SDBL,53.46938775510204
SEAMECLTD,54.68895078922934
SECMARK,55.00000000000001
SECURKLOUD,61.44578313253012
SEJALLTD,66.95035460992908
SELAN,51.91637630662021
SELMC,65.44117647058823
SEMAC,58.73362445414847
SENCO,68.75
SEPC,56.63716814159292
SEQUENT,53.417721518987335
SERVOTECH,53.96039603960397
SESHAPAPER,53.38904363974002
SETCO,57.631578947368425
SETUINFRA,64.43719412724307
SFL,50.0
SGIL,53.07692307692308
SGL,60.74660633484162
SHAH,58.06451612903226
SHAHALLOYS,62.121212121212125
SHAILY,53.125
SHAKTIPUMP,52.78688524590164
SHALBY,53.896103896103895
SHALPAINTS,56.40050697084917
SHANKARA,57.43440233236152
SHANTI,73.00613496932516
SHANTIGEAR,53.71057513914656
SHARDACROP,53.648068669527895
SHARDAMOTR,53.095238095238095
SHAREINDIA,50.0
SHEKHAWATI,64.97975708502024
SHEMAROO,53.97849462365591
SHILPAMED,55.25568181818182
SHIVALIK,56.75675675675676
SHIVAMAUTO,55.68581477139508
SHIVAMILLS,54.0268456375839
SHIVATEX,59.74025974025974
SHK,51.338199513382
SHOPERSTOP,51.616379310344826
SHRADHA,67.85714285714286
SHREDIGCEM,49.11504424778761
SHREECEM,51.28432240921169
SHREEPUSHK,53.46062052505967
SHREERAMA,58.22890559732665
SHRENIK,65.85365853658537
SHREYANIND,67.09916589434661
SHRIPISTON,51.95822454308095
SHRIRAMFIN,51.20593692022264
SHRIRAMPPS,46.36363636363636
SHYAMCENT,56.23529411764706
SHYAMMETL,50.0
SHYAMTEL,64.93506493506493
SICALLOG,57.14285714285714
SIEMENS,53.25396825396825
SIGACHI,53.91304347826087
SIGIND,57.92452830188679
SIGMA,61.58536585365854
SIGNATURE,45.45454545454545
SIGNPOST,100.0
SIGNPOST,100.0
SIKKO,70.03058103975535
SIL,58.16326530612245
SILGO,67.16981132075472
SILINV,56.08170844939647
SILLYMONKS,60.396039603960396
SILVERTUC,66.99029126213593
SIMBHALS,56.1282932416953
SIMPLEXINF,55.45454545454545
SINDHUTRAD,66.66666666666666
SINTERCOM,60.200668896321076
SIRCA,53.35689045936396
SIS,58.15384615384615
SITINET,60.520094562647756
SIYSIL,60.47794117647059
SJS,42.608695652173914
SJVN,54.10557184750733
SKFINDIA,49.76657329598506
SKIPPER,52.30414746543779
SKMEGGPROD,55.06035283194058
SKYGOLD,55.172413793103445
SMARTLINK,56.73166202414113
SMCGLOBAL,48.66666666666667
SMLISUZU,53.2033426183844
SMLT,47.78761061946903
SMSLIFE,50.617283950617285
SMSPHARMA,54.285714285714285
SNOWMAN,54.059829059829056
SOBHA,52.06124852767962
SOFTTECH,61.18881118881119
SOLARA,60.14234875444839
SOLARINDS,51.63841807909605
SOMANYCERA,54.452690166975884
SOMATEX,60.724233983286915
SOMICONVEY,53.96825396825397
SONACOMS,55.223880597014926
SONAMLTD,60.854092526690394
SONATSOFTW,57.10306406685237
SOTL,53.760445682451255
SOUTHBANK,58.39936608557845
SOUTHWEST,54.515050167224075
SPAL,51.60427807486631
SPANDANA,54.86725663716814
SPARC,63.523809523809526
SPCENET,75.44204322200393
SPECIALITY,53.700516351118765
SPENCERS,55.73122529644269
SPIC,55.43175487465181
SPLIL,57.562568008705114
SPLPETRO,52.92479108635098
SPMLINFRA,56.029684601113175
SPORTKING,43.42105263157895
SREEL,57.76892430278885
SRF,50.13927576601671
SRGHFL,57.692307692307686
SRHHYPOLTD,55.35499398315282
SRPL,72.0
SSWL,53.88768898488121
STAR,51.80722891566265
STARCEMENT,55.72289156626506
STARHEALTH,52.25225225225225
STARPAPER,52.78293135435993
STARTECK,60.86956521739131
STCINDIA,52.79383429672448
STEELCAS,48.24561403508772
STEELCITY,57.10144927536231
STEELXIND,52.13414634146341
STEL,55.03875968992248
STERTOOLS,52.40761478163493
STLTECH,50.47454702329595
STOVEKRAFT,47.712418300653596
STYLAMIND,46.51162790697674
STYRENIX,55.08870214752568
SUBEXLTD,56.98818897637795
SUBROS,56.630434782608695
SUDARSCHEM,58.04046858359957
SUKHJITS,56.060606060606055
SULA,63.33333333333333
SUMICHEM,53.431372549019606
SUMIT,52.41635687732342
SUMMITSEC,52.198581560283685
SUNCLAY,33.33333333333333
SUNDARAM,63.8235294117647
SUNDARMFIN,51.81058495821726
SUNDARMHLD,58.16326530612245
SUNDRMBRAK,51.91409897292251
SUNDRMFAST,53.98886827458256
SUNFLAG,56.59340659340659
SUNPHARMA,49.2589978828511
SUNTECK,52.33380480905233
SUNTV,49.65986394557823
SUPERHOUSE,51.716738197424895
SUPERSPIN,57.098765432098766
SUPRAJIT,54.30393198724761
SUPREMEENG,61.71003717472119
SUPREMEIND,50.324976787372336
SUPREMEINF,56.188118811881196
SUPRIYA,56.88073394495413
SURAJEST,50.0
SURANASOL,58.916900093370685
SURANAT&P,56.86456400742115
SURYALAXMI,55.473098330241186
SURYAROSNI,54.317548746518106
SURYODAY,45.89041095890411
SUTLEJTEX,52.847805788982264
SUULD,62.89752650176679
SUVEN,50.44598612487612
SUVENPHAR,56.56565656565656
SUVIDHAA,63.6986301369863
SUZLON,56.22932745314223
SVLL,69.25795053003534
SVPGLOB,64.8854961832061
SWANENERGY,58.519793459552496
SWARAJENG,52.73909006499535
SWELECTES,52.5
SWSOLAR,51.76991150442478
SYMPHONY,52.86624203821656
SYNCOMF,50.76923076923077
SYNGENE,46.335697399527184
SYRMA,51.31578947368421
TAINWALCHM,59.09090909090909
TAJGVK,54.570895522388064
TAKE,55.33742331288344
TALBROAUTO,54.76744186046511
TANLA,59.85832349468713
TARACHAND,59.183673469387756
TARAPUR,64.80938416422288
TARC,47.16981132075472
TARMAT,60.58394160583942
TARSONS,53.98230088495575
TASTYBITE,51.45348837209303
TATACHEM,51.729004940014114
TATACOMM,51.62488393686166
TATACONSUM,50.98870056497176
TATAELXSI,53.760445682451255
TATAINVEST,57.233592095977414
TATAMOTORS,53.3969010727056
TATAPOWER,50.0
TATASTEEL,50.45871559633027
TATATECH,69.23076923076923
TATVA,51.93798449612403
TBZ,52.56849315068494
TCI,48.701298701298704
TCIEXP,53.072625698324025
TCIFINANCE,61.88166828322017
TCLCONS,56.63716814159292
TCPLPACK,53.48101265822785
TCS,52.98507462686567
TDPOWERSYS,50.324675324675326
TEAMLEASE,50.37593984962406
TECHM,50.982658959537574
TECHNOE,55.86124401913876
TECILCHEM,72.72727272727273
TEGA,54.054054054054056
TEJASNET,54.38066465256798
TEMBO,61.904761904761905
TERASOFT,56.17977528089888
TEXINFRA,56.074766355140184
TEXMOPIPES,56.58465991316932
TEXRAIL,52.95950155763239
TFCILTD,58.867223769730735
TFL,58.333333333333336
TGBHOTELS,56.3855421686747
THANGAMAYL,51.873198847262245
THEINVEST,54.601226993865026
THEJO,64.55026455026454
THEMISMED,56.45933014354066
THERMAX,50.18552875695733
THOMASCOOK,55.15320334261838
THOMASCOTT,70.18425460636516
THYROCARE,53.608247422680414
TI,56.23145400593472
TIIL,52.612826603325416
TIINDIA,50.955414012738856
TIJARIA,59.57446808510638
TIL,53.760445682451255
TIMESGTY,58.44155844155844
TIMETECHNO,54.9636803874092
TIMKEN,62.68656716417911
TIPSFILMS,48.57142857142857
TIPSMUSIC,54.78180129990715
TIRUMALCHM,53.52504638218923
TIRUPATIFL,57.413249211356465
TITAGARH,50.44699872286079
TITAN,49.54128440366973
TMB,53.42465753424658
TNPETRO,58.12441968430826
TNPL,52.28758169934641
TNTELE,64.92063492063492
TOKYOPLAST,63.26530612244898
TORNTPHARM,49.721706864564005
TORNTPOWER,53.16901408450704
TOTAL,66.15384615384615
TOUCHWOOD,60.26058631921825
TPHQ,54.57142857142857
TPLPLASTEH,57.701149425287355
TRACXN,51.470588235294116
TREEHOUSE,57.60517799352751
TREJHARA,52.14007782101168
TREL,50.0
TRENT,52.73909006499535
TRF,57.42857142857143
TRIDENT,58.681522748375116
TRIGYN,57.938718662952645
TRITURBINE,49.8360655737705
TRIVENI,52.77777777777778
TRU,60.0
TTKHLTCARE,59.42857142857143
TTKPRESTIG,52.319109461966605
TTL,55.172413793103445
TTML,57.682403433476395
TVSELECT,59.183673469387756
TVSHLTD,51.820728291316534
TVSMOTOR,51.782682512733444
TVSSCS,42.30769230769231
TVSSRICHAK,54.513064133016634
TVTODAY,54.062186559679034
TVVISION,62.43243243243243
UBL,51.94805194805194
UCAL,60.0
UCOBANK,54.50049455984174
UDS,42.857142857142854
UFLEX,52.55338904363974
UFO,56.88073394495413
UGARSUGAR,57.63473053892215
UGROCAP,53.90625
UJJIVANSFB,55.23809523809524
ULTRACEMCO,53.408029878618116
UMAEXPORTS,49.473684210526315
UMANGDAIRY,55.012224938875306
UMESLTD,69.04761904761905
UNICHEMLAB,51.298701298701296
UNIDT,53.216374269005854
UNIENTER,54.78180129990715
UNIINFO,60.47297297297297
UNIONBANK,51.031894934333955
UNIPARTS,45.90163934426229
UNITECH,58.16326530612245
UNITEDPOLY,75.94202898550725
UNITEDTEA,56.36623748211731
UNIVASTU,63.345195729537366
UNIVCABLES,54.823747680890534
UNIVPHOTO,53.73134328358209
UNOMINDA,52.07591933570581
UPL,48.97959183673469
URAVI,73.28767123287672
URJA,60.75581395348837
USHAMART,53.44202898550725
USK,58.69565217391305
UTIAMC,44.37869822485207
UTKARSHBNK,45.16129032258064
UTTAMSUGAR,54.97737556561086
V2RETAIL,55.650060753341435
VADILALIND,53.18471337579618
VAIBHAVGBL,55.57809330628803
VAISHALI,61.60990712074303
VAKRANGEE,53.22033898305085
VALIANTLAB,42.857142857142854
VALIANTORG,62.35294117647059
VARDHACRLC,58.201581027667984
VARDMNPOLY,52.38095238095239
VARROC,54.285714285714285
VASCONEQ,56.54676258992806
VASWANI,56.393442622950815
VBL,51.790633608815426
VCL,73.40425531914893
VEDL,54.19901199717714
VEEDOL,52.36406619385343
VENKEYS,52.64623955431755
VENUSPIPES,59.55056179775281
VENUSREM,89.16372202591283
VERANDA,56.84210526315789
VERTOZ,56.91318327974276
VESUVIUS,51.62488393686166
VETO,55.47945205479452
VGUARD,51.649746192893396
VHL,55.43175487465181
VHLTD,62.745098039215684
VIDHIING,55.3030303030303
VIJAYA,51.21951219512195
VIJIFIN,67.28232189973615
VIKASECO,59.27152317880795
VIKASLIFE,70.41666666666667
VIMTALABS,53.50389321468298
VINATIORGA,50.41551246537396
VINDHYATEL,55.89600742804085
VINEETLAB,59.55882352941176
VINNY,75.09433962264151
VINYLINDIA,58.89724310776943
VIPCLOTHNG,53.42298288508558
VIPIND,56.453110492107704
VIPULLTD,59.42857142857143
VIRINCHI,54.761904761904766
VISAKAIND,53.946146703806875
VISHNU,53.033707865168545
VISHWARAJ,53.21100917431193
VIVIDHA,69.04315196998124
VLEGOV,51.85185185185185
VLSFINANCE,57.050092764378476
VMART,52.11009174311927
VOLTAMP,53.42624854819977
VOLTAS,51.02040816326531
VPRPL,60.0
VRLLOG,54.794520547945204
VSSL,50.25728987993139
VSTIND,50.927643784786646
VSTL,100.0
VSTTILLERS,51.515151515151516
VTL,47.07520891364902
WABAG,51.73978819969742
WALCHANNAG,55.246053853296196
WANBURY,54.739336492891
WEALTH,72.96511627906976
WEBELSOLAR,53.855421686746986
WEIZMANIND,57.938718662952645
WEL,62.22222222222222
WELCORP,57.14285714285714
WELENT,49.84293193717277
WELINV,70.5179282868526
WELSPUNLIV,53.43968095712861
WENDT,50.806451612903224
WESTLIFE,49.11504424778761
WEWIN,71.07142857142857
WHEELS,52.831940575673165
WHIRLPOOL,69.02985074626866
WILLAMAGOR,57.977736549165115
WINDLAS,48.031496062992126
WINDMACHIN,57.51633986928104
WINSOME,69.20222634508349
WIPL,55.718475073313776
WIPRO,48.97671136203247
WOCKPHARMA,52.96846011131725
WONDERLA,56.70103092783505
WORTH,56.289308176100626
WSI,65.32356532356532
WSTCSTPAPR,51.02040816326531
XCHANGING,55.437100213219615
XELPMOC,51.587301587301596
XPROINDIA,53.50966429298067
YASHO,38.46153846153847
YATHARTH,55.172413793103445
YATRA,50.0
YESBANK,52.33441910966341
YUKEN,46.400000000000006
ZAGGLE,54.54545454545454
ZEEL,46.14670380687094
ZEELEARN,54.75460122699386
ZEEMEDIA,56.67600373482726
ZENITHEXPO,71.68059424326833
ZENITHSTL,66.70673076923077
ZENSARTECH,52.92479108635098
ZENTEC,57.466063348416284
ZFCVINDIA,53.221288515406165
ZIMLAB,56.25
ZODIAC,52.46636771300448
ZODIACLOTH,56.73166202414113
ZOMATO,56.15384615384615
ZOTA,50.29585798816568
ZUARI,53.85996409335727
ZUARIIND,51.16063138347261
ZYDUSLIFE,50.377833753148614
ZYDUSWELL,51.34370579915134
